model,mag_bin,n_true_qso,raw_promised_purity,raw_achieved_purity,raw_completeness,raw_n_selected,rep_temperature_promised_purity,rep_temperature_achieved_purity,rep_temperature_completeness,rep_temperature_n_selected,bright_temperature_promised_purity,bright_temperature_achieved_purity,bright_temperature_completeness,bright_temperature_n_selected,seed
LogReg,"[14,17)",91,0.9990609882715832,0.0,0.0,1,0.999089431148176,0.0,0.0,1,0.9999457946627089,0.0,0.0,1,0
LogReg,"[17,18)",318,,,0.0,0,,,0.0,0,0.9225353626314287,0.0,0.0,1,0
LogReg,"[18,19)",1660,0.9144892271367908,0.3333333333333333,0.0006024096385542169,3,0.9154139311324254,0.3333333333333333,0.0006024096385542169,3,0.9288457064333928,0.05128205128205128,0.0012048192771084338,39,0
LogReg,"[19,20)",3903,0.9235100720609752,0.05263157894736842,0.0005124263387138099,38,0.9243471805189735,0.05263157894736842,0.0005124263387138099,38,0.939824395126135,0.1386861313868613,0.004868050217781194,137,0
LogReg,"[20,22)",13215,0.9229727080447411,0.7881773399014779,0.08475217555807794,1421,0.9231320103996988,0.7876106194690266,0.0875520242149073,1469,0.9414815707521529,0.8426773455377574,0.44585698070374574,6992,0
RandomForest,"[14,17)",91,0.9504259713509308,1.0,0.27472527472527475,25,0.9523974114636271,1.0,0.3076923076923077,28,0.9585510924264156,1.0,0.32967032967032966,30,0
RandomForest,"[17,18)",318,0.9680373628454877,0.978021978021978,0.559748427672956,182,0.9707546506274369,0.9682539682539683,0.5754716981132075,189,0.9733111904996948,0.97,0.610062893081761,200,0
RandomForest,"[18,19)",1660,0.9815540012572552,0.989329268292683,0.7819277108433735,1312,0.9839028537465082,0.9894419306184012,0.7903614457831325,1326,0.9856730758136404,0.9875,0.8090361445783133,1360,0
RandomForest,"[19,20)",3903,0.9846862337956496,0.987670776407864,0.7594158339738662,3001,0.9864413685887634,0.9871710526315789,0.7688957212400718,3040,0.988410153619655,0.9854368932038835,0.7801691006917756,3090,0
RandomForest,"[20,22)",13215,0.963314241675083,0.9640564826700898,0.5114642451759365,7011,0.9656632780939431,0.9595087056282899,0.5379493000378358,7409,0.9686641842524855,0.954212916246216,0.5724555429436247,7928,0
HistGB,"[14,17)",91,0.9633450905367908,0.975,0.42857142857142855,40,0.9642860538578091,0.975,0.42857142857142855,40,0.967451303709387,0.975,0.42857142857142855,40,0
HistGB,"[17,18)",318,0.9753270748621119,0.9714285714285714,0.6415094339622641,210,0.9756383926334831,0.9715639810426541,0.6446540880503144,211,0.9772074686747556,0.9671361502347418,0.6477987421383647,213,0
HistGB,"[18,19)",1660,0.9852612458592309,0.9847272727272727,0.8156626506024096,1375,0.9853831129086816,0.9847826086956522,0.8186746987951807,1380,0.986458629972603,0.9848484848484849,0.822289156626506,1386,0
HistGB,"[19,20)",3903,0.9851030745334242,0.9862430396331477,0.7714578529336408,3053,0.9854333009523896,0.9859339221458947,0.7722264924417115,3057,0.9863579286682136,0.9857003574910628,0.7770945426594927,3077,0
HistGB,"[20,22)",13215,0.964271916833305,0.9641338247802665,0.5146424517593644,7054,0.9644496865530263,0.9632641615255187,0.5198637911464246,7132,0.9654552494689169,0.9622282608695653,0.5359061672342036,7360,0
MLP,"[14,17)",91,0.9642747216574514,1.0,0.3516483516483517,32,0.9601151141681381,1.0,0.3516483516483517,32,0.9617246536869991,1.0,0.3516483516483517,32,0
MLP,"[17,18)",318,0.9751630049301698,0.9653465346534653,0.6132075471698113,202,0.9751667068469004,0.9690721649484536,0.5911949685534591,194,0.9747826333321226,0.9646464646464646,0.60062893081761,198,0
MLP,"[18,19)",1660,0.9846367509518715,0.988243938280676,0.8102409638554217,1361,0.9832068333958824,0.9888971132494448,0.8048192771084337,1351,0.9836300869542733,0.9889462048636699,0.808433734939759,1357,0
MLP,"[19,20)",3903,0.9868704554219684,0.9865308804204993,0.7694081475787855,3044,0.9857778671265417,0.9870903674280039,0.7640276710222905,3021,0.9861408012577088,0.9868073878627969,0.7665898027158596,3032,0
MLP,"[20,22)",13215,0.9668245616906361,0.9633375474083439,0.5189557321225879,7119,0.9653690578892139,0.9654069767441861,0.5026106696935301,6880,0.9659461131505553,0.9647008179078778,0.5087400681044267,6969,0
LogReg,"[14,17)",113,,,0.0,0,,,0.0,0,0.9198956906141821,0.0,0.0,1,1
LogReg,"[17,18)",314,0.9972099558338223,0.0,0.0,2,0.9970731163767818,0.0,0.0,2,0.9445101396037171,0.0,0.0,6,1
LogReg,"[18,19)",1643,0.910143626379791,0.0,0.0,6,0.9082177342537584,0.0,0.0,6,0.935576341977948,0.02564102564102564,0.0006086427267194157,39,1
LogReg,"[19,20)",4045,0.9236488488069966,0.05128205128205128,0.0004944375772558715,39,0.9252867731459677,0.058823529411764705,0.0004944375772558715,34,0.9400210434847556,0.1347517730496454,0.004697156983930779,141,1
LogReg,"[20,22)",13073,0.9229257846969625,0.7874172185430464,0.09095081465616156,1510,0.9224295242977681,0.7831920903954802,0.08483133175246692,1416,0.9414507850070045,0.839753687526851,0.44855809684081693,6983,1
RandomForest,"[14,17)",113,0.9486901972177676,0.9722222222222222,0.30973451327433627,36,0.9519455547732033,0.9743589743589743,0.336283185840708,39,0.9592939193726872,0.9767441860465116,0.37168141592920356,43,1
RandomForest,"[17,18)",314,0.9673762772531027,0.9829545454545454,0.5509554140127388,176,0.96896092561294,0.9837837837837838,0.5796178343949044,185,0.9747471618238934,0.9844559585492227,0.6050955414012739,193,1
RandomForest,"[18,19)",1643,0.9825098905735418,0.9912490055688147,0.7583688374923919,1257,0.9839927490938325,0.9913995308835027,0.7717589774802192,1279,0.9870008269309668,0.9908256880733946,0.7888009738283628,1308,1
RandomForest,"[19,20)",4045,0.98466815157948,0.9910625620655412,0.7401730531520395,3021,0.9863650980424382,0.9905073649754501,0.7480840543881335,3055,0.9886356363124017,0.9894568690095846,0.7656365883807169,3130,1
RandomForest,"[20,22)",13073,0.9625369143393364,0.963141480011341,0.5196970855962671,7054,0.9648573537620421,0.9593682505399568,0.5436395624569724,7408,0.9690300190564926,0.9514285714285714,0.5858639944924654,8050,1
HistGB,"[14,17)",113,0.9667530241803313,0.9444444444444444,0.45132743362831856,54,0.967366181602047,0.9433962264150944,0.4424778761061947,53,0.9687720608827239,0.9444444444444444,0.45132743362831856,54,1
HistGB,"[17,18)",314,0.9741117315887737,0.9716981132075472,0.6560509554140127,212,0.9735835839438933,0.9716981132075472,0.6560509554140127,212,0.9753790612555819,0.971830985915493,0.6592356687898089,213,1
HistGB,"[18,19)",1643,0.9858937061359951,0.9858525688756515,0.8058429701765064,1343,0.9857034313812347,0.9858314690529456,0.8046256847230676,1341,0.9864859825099795,0.9859154929577465,0.8094948265368229,1349,1
HistGB,"[19,20)",4045,0.9848134251234374,0.9902660609993511,0.7545117428924598,3082,0.9846147053324354,0.9902502437439064,0.7532756489493202,3077,0.9854941818925032,0.9890145395799677,0.7567367119901113,3095,1
HistGB,"[20,22)",13073,0.9634693480905905,0.9627223948037278,0.5215329304673755,7082,0.9632454061166732,0.9627470496232049,0.517937734261455,7033,0.9640853608433513,0.961357990615512,0.5328539738392106,7246,1
MLP,"[14,17)",113,0.9702538868626958,0.9344262295081968,0.504424778761062,61,0.970689129157562,0.9344262295081968,0.504424778761062,61,0.969030907737609,0.9344262295081968,0.504424778761062,61,1
MLP,"[17,18)",314,0.9778513409769025,0.9723502304147466,0.6719745222929936,217,0.9774594001856554,0.9680365296803652,0.6751592356687898,219,0.9773137105270148,0.9722222222222222,0.6687898089171974,216,1
MLP,"[18,19)",1643,0.9891504070397401,0.986870897155361,0.8234936092513695,1371,0.9893248290299987,0.986870897155361,0.8234936092513695,1371,0.9889208211182858,0.9868324798829554,0.8210590383444918,1367,1
MLP,"[19,20)",4045,0.9876433981416133,0.9892234548335974,0.7715698393077874,3155,0.9878135817423397,0.9892268694550064,0.7718170580964153,3156,0.9873090941825583,0.9895138226882746,0.7698393077873918,3147,1
MLP,"[20,22)",13073,0.9649263353832706,0.9691935971005738,0.49093551594890233,6622,0.9651409039321511,0.9691682959843585,0.4929243478926031,6649,0.9644226833560788,0.9704802691954726,0.48535148779928095,6538,1
LogReg,"[14,17)",107,0.9420716757636294,0.0,0.0,1,0.9425131403305071,0.0,0.0,1,0.9800160450971863,0.0,0.0,1,2
LogReg,"[17,18)",289,0.9973002451191221,0.0,0.0,1,0.9973459075654311,0.0,0.0,1,0.9324490281336487,0.0,0.0,4,2
LogReg,"[18,19)",1581,0.923869938341645,0.0,0.0,9,0.9243867116164767,0.0,0.0,9,0.9367437531615928,0.022727272727272728,0.0006325110689437065,44,2
LogReg,"[19,20)",3969,0.9275973219989891,0.027777777777777776,0.0002519526329050139,36,0.9273792330428227,0.02702702702702703,0.0002519526329050139,37,0.9424474059187571,0.136,0.004283194759385236,125,2
LogReg,"[20,22)",13241,0.9226846769332444,0.773109243697479,0.0833773884147723,1428,0.9228193886443559,0.7716049382716049,0.08496337134657503,1458,0.9406689980509981,0.8397316968745541,0.44437731289177557,7007,2
RandomForest,"[14,17)",107,0.9507103386416725,1.0,0.19626168224299065,21,0.9463158690623346,1.0,0.2523364485981308,27,0.9493737754787259,1.0,0.3177570093457944,34,2
RandomForest,"[17,18)",289,0.9688751884829753,0.9888888888888889,0.615916955017301,180,0.9712486856564948,0.9838709677419355,0.6332179930795848,186,0.9753617949600898,0.9796954314720813,0.6678200692041523,197,2
RandomForest,"[18,19)",1581,0.9822501694392077,0.9917695473251029,0.7621758380771664,1215,0.9834120966691152,0.9895245769540693,0.7767235926628716,1241,0.9852600203088471,0.9852598913886734,0.8032890575585073,1289,2
RandomForest,"[19,20)",3969,0.9851568683066761,0.9885283513602098,0.7598891408415218,3051,0.9865173480609403,0.9880336351875808,0.7697152935248174,3092,0.9885467857284315,0.9864310508046702,0.7876039304610734,3169,2
RandomForest,"[20,22)",13241,0.9633937283184366,0.9655907862931893,0.5128766709463032,7033,0.9650467336701423,0.9607737775389575,0.5401404727739597,7444,0.9690298157366617,0.953966093305284,0.5822067819651083,8081,2
HistGB,"[14,17)",107,0.9588616509953464,0.9047619047619048,0.35514018691588783,42,0.9592357454766905,0.9069767441860465,0.3644859813084112,43,0.9621179412013673,0.8888888888888888,0.37383177570093457,45,2
HistGB,"[17,18)",289,0.9707503581586133,0.9646464646464646,0.6608996539792388,198,0.9717760003175632,0.964824120603015,0.6643598615916955,199,0.9744890877235897,0.9655172413793104,0.6782006920415224,203,2
HistGB,"[18,19)",1581,0.9836598370121533,0.985051140833989,0.7919038583175205,1271,0.9842915689123671,0.9835164835164835,0.7925363693864642,1274,0.9854523156164816,0.9837712519319938,0.8051865907653384,1294,2
HistGB,"[19,20)",3969,0.9841143771429764,0.9855025773195877,0.7707231040564374,3104,0.9845500647724575,0.9849262347658756,0.7737465356512976,3118,0.9862704123344117,0.9847328244274809,0.780045351473923,3144,2
HistGB,"[20,22)",13241,0.9627125591200664,0.9672177879133409,0.5124990559625406,7016,0.9631894282320128,0.9651309340428511,0.5205044936183068,7141,0.9646552435477419,0.9603500861954648,0.5469375424816857,7541,2
MLP,"[14,17)",107,0.9730830238788017,0.975609756097561,0.37383177570093457,41,0.9709897081752169,0.975609756097561,0.37383177570093457,41,0.9688733926138007,0.975,0.3644859813084112,40,2
MLP,"[17,18)",289,0.9832684887880233,0.9702970297029703,0.6782006920415224,202,0.9818528111766207,0.9702970297029703,0.6782006920415224,202,0.9795769924738134,0.9701492537313433,0.6747404844290658,201,2
MLP,"[18,19)",1581,0.9881078114561103,0.9857890800299177,0.8336495888678052,1337,0.987480512484966,0.98572501878287,0.8298545224541429,1331,0.9867611008598596,0.9862909367859863,0.8191018342820999,1313,2
MLP,"[19,20)",3969,0.9884555460344604,0.9861417322834646,0.7888636936255984,3175,0.9877317999461116,0.9864139020537125,0.7865961199294532,3165,0.9863382508921065,0.9863361931998729,0.782060972537163,3147,2
MLP,"[20,22)",13241,0.9655228196170987,0.9679250638660233,0.5150668378521259,7046,0.9645296523373174,0.9689450007255841,0.5042670493165169,6891,0.9631415805781219,0.9713981439221056,0.4822143342647836,6573,2
LogReg,"[14,17)",93,0.9980359139945099,0.0,0.0,2,0.9979712444935653,0.0,0.0,2,0.9998001442991822,0.0,0.0,2,3
LogReg,"[17,18)",316,0.9706606191010021,0.0,0.0,4,0.970172668059899,0.0,0.0,4,0.9663844919230833,0.0,0.0,6,3
LogReg,"[18,19)",1571,0.9189760606421814,0.3333333333333333,0.0006365372374283895,3,0.917815204540537,0.3333333333333333,0.0006365372374283895,3,0.9323125267664646,0.03225806451612903,0.0006365372374283895,31,3
LogReg,"[19,20)",3962,0.9238364968131383,0.0,0.0,47,0.924365638518787,0.0,0.0,44,0.9418626452460827,0.11392405063291139,0.004543160020191822,158,3
LogReg,"[20,22)",13245,0.923153808988424,0.7584541062801933,0.08297470743676859,1449,0.9229130249250348,0.7541337167505392,0.07919969799924499,1391,0.941170191830766,0.8327702702702703,0.4466591166477916,7104,3
RandomForest,"[14,17)",93,0.9456868898325458,1.0,0.23655913978494625,22,0.9445927843350186,1.0,0.27956989247311825,26,0.9531631291643533,1.0,0.3010752688172043,28,3
RandomForest,"[17,18)",316,0.9709611186787527,0.9882352941176471,0.5316455696202531,170,0.9721560483831237,0.9886363636363636,0.5506329113924051,176,0.9764021201991888,0.989010989010989,0.569620253164557,182,3
RandomForest,"[18,19)",1571,0.9830197400989854,0.9893877551020408,0.7714831317632082,1225,0.9847101561645757,0.9894566098945661,0.7765754296626353,1233,0.9867894093122367,0.9873116574147502,0.792488860598345,1261,3
RandomForest,"[19,20)",3962,0.9854154837335997,0.9901896664486592,0.7642604745078243,3058,0.9866643479279659,0.9896305897602073,0.7708228167592125,3086,0.9886853392453875,0.9891754218401783,0.7841998990408885,3141,3
RandomForest,"[20,22)",13245,0.9650068974609782,0.9601824968892576,0.5243488108720272,7233,0.9667535412019514,0.9569505531120885,0.542091355228388,7503,0.9699678728110517,0.9522562951882324,0.5767459418648546,8022,3
HistGB,"[14,17)",93,0.9620622382140906,1.0,0.3333333333333333,31,0.9603998936849639,1.0,0.3333333333333333,31,0.9610332237795515,1.0,0.34408602150537637,32,3
HistGB,"[17,18)",316,0.9728939159409747,0.970873786407767,0.6329113924050633,206,0.9730977233835638,0.9702970297029703,0.620253164556962,202,0.9732416353860865,0.9710144927536232,0.6360759493670886,207,3
HistGB,"[18,19)",1571,0.9864005752209719,0.9852713178294573,0.8090388287714831,1290,0.9858903068870859,0.986013986013986,0.8077657542966263,1287,0.9866685032017277,0.9852941176470589,0.81031190324634,1292,3
HistGB,"[19,20)",3962,0.9855833268190746,0.9903412749517064,0.7763755678950025,3106,0.985118185329685,0.9903100775193798,0.773851590106007,3096,0.9858353928020742,0.9903598971722365,0.7778899545683998,3112,3
HistGB,"[20,22)",13245,0.9661923006214892,0.9576538303412361,0.5275953189882975,7297,0.9657664476825814,0.9585362459997218,0.5201208003020008,7187,0.9664691470896914,0.9569117846948484,0.531521328803322,7357,3
MLP,"[14,17)",93,0.9642651859307515,0.9666666666666667,0.3118279569892473,30,0.9600178000392072,1.0,0.3010752688172043,28,0.9604831998775162,1.0,0.3010752688172043,28,3
MLP,"[17,18)",316,0.9710085718939339,0.9761904761904762,0.6487341772151899,210,0.9675532681402196,0.9849246231155779,0.620253164556962,199,0.9679413038548961,0.9849246231155779,0.620253164556962,199,3
MLP,"[18,19)",1571,0.9857286231478822,0.989763779527559,0.8001273074474857,1270,0.9830701030177336,0.991207034372502,0.7893061744112031,1251,0.9832877376459168,0.991207034372502,0.7893061744112031,1251,3
MLP,"[19,20)",3962,0.9871559408538619,0.9923866269447202,0.756688541140838,3021,0.9850673605103228,0.993941433860653,0.7453306410903584,2971,0.9851760548787007,0.9939475453934096,0.7460878344270571,2974,3
MLP,"[20,22)",13245,0.9657728407213868,0.9683749594550762,0.4508116270290676,6166,0.9630591188643753,0.9734126290012244,0.420158550396376,5717,0.9631411054762271,0.9731987469544031,0.42219705549263875,5746,3
LogReg,"[14,17)",73,0.9985254833848648,0.0,0.0,1,0.9985979449057978,0.0,0.0,1,0.9604670537570281,0.0,0.0,2,4
LogReg,"[17,18)",317,0.9205970451264636,1.0,0.0031545741324921135,1,0.9223104693595122,1.0,0.0031545741324921135,1,0.9280165058204733,0.2,0.0031545741324921135,5,4
LogReg,"[18,19)",1596,0.9334185361622988,0.0,0.0,3,0.9211064281927683,0.0,0.0,5,0.931767107086892,0.0,0.0,48,4
LogReg,"[19,20)",3910,0.9248933958125019,0.03125,0.0002557544757033248,32,0.9212833734278151,0.025,0.0002557544757033248,40,0.938986105393005,0.19254658385093168,0.007928388746803069,161,4
LogReg,"[20,22)",13291,0.9232371519508441,0.7667820069204152,0.08336468286810624,1445,0.9234707645246499,0.7729941291585127,0.08915807689413889,1533,0.9430207878696742,0.8380989685337511,0.4829583928974494,7659,4
RandomForest,"[14,17)",73,0.9430399450364088,1.0,0.2054794520547945,15,0.9478034081496239,1.0,0.2191780821917808,16,0.952343652462185,1.0,0.2602739726027397,19,4
RandomForest,"[17,18)",317,0.9683420189975199,0.9775280898876404,0.5488958990536278,178,0.9713711424443767,0.978021978021978,0.5615141955835962,182,0.9775221481091149,0.972972972972973,0.5678233438485805,185,4
RandomForest,"[18,19)",1596,0.9820394846990881,0.9950779327317474,0.7600250626566416,1219,0.9838312984773377,0.993517017828201,0.768170426065163,1234,0.9857031038960442,0.9921445404556166,0.7913533834586466,1273,4
RandomForest,"[19,20)",3910,0.9852022887360492,0.9912897822445561,0.7567774936061381,2985,0.9868277167103889,0.991041804910418,0.7639386189258311,3014,0.9895126036007968,0.9898427260812582,0.7726342710997443,3052,4
RandomForest,"[20,22)",13291,0.9631841122863024,0.9630965593784684,0.5223083289443985,7208,0.9654443006345691,0.9606957907316426,0.5443533217967046,7531,0.9693110316747933,0.9541738915035918,0.5796403581370853,8074,4
HistGB,"[14,17)",73,0.9630227939263194,0.8620689655172413,0.3424657534246575,29,0.962365278326266,0.8620689655172413,0.3424657534246575,29,0.9661110545321691,0.8620689655172413,0.3424657534246575,29,4
HistGB,"[17,18)",317,0.974924832048176,0.9656862745098039,0.6214511041009464,204,0.9744456689634546,0.9656862745098039,0.6214511041009464,204,0.9771631032815905,0.9656862745098039,0.6214511041009464,204,4
HistGB,"[18,19)",1596,0.9856114170168736,0.9883630721489527,0.7982456140350878,1289,0.9857111059593625,0.9890880748246298,0.7951127819548872,1283,0.9866196416634008,0.9876447876447877,0.8013784461152882,1295,4
HistGB,"[19,20)",3910,0.9854256344563807,0.9900891972249752,0.7664961636828644,3027,0.9851799296769501,0.9900826446280991,0.7659846547314578,3025,0.9864695926454252,0.9891447368421052,0.7690537084398977,3040,4
HistGB,"[20,22)",13291,0.9640372584293417,0.9631323631323632,0.5228350011285833,7215,0.963901524669975,0.9641161686679698,0.5195244902565646,7162,0.9650272078137421,0.9620661824051655,0.538108494469942,7434,4
MLP,"[14,17)",73,0.9527370715391316,1.0,0.3150684931506849,23,0.9557765137714427,1.0,0.3150684931506849,23,0.9539000199401299,1.0,0.3150684931506849,23,4
MLP,"[17,18)",317,0.9780558982834756,0.9852941176470589,0.6340694006309149,204,0.9793443584241363,0.9853658536585366,0.637223974763407,205,0.9783157635104686,0.9853658536585366,0.637223974763407,205,4
MLP,"[18,19)",1596,0.9871043771487563,0.9916349809885932,0.8170426065162907,1315,0.9874262000625336,0.9909502262443439,0.8233082706766918,1326,0.9873720456160398,0.9916476841305999,0.818295739348371,1317,4
MLP,"[19,20)",3910,0.9883191960915613,0.9853409815168898,0.7907928388746803,3138,0.9889537721936061,0.9853921879961892,0.7936061381074169,3149,0.988597244818525,0.985354982489653,0.7915601023017903,3141,4
MLP,"[20,22)",13291,0.9676927300279493,0.9604610642005094,0.5391618388383116,7461,0.9684232017823216,0.959114139693356,0.550673388006922,7631,0.9679553544691022,0.9600106284044108,0.5436761718456098,7527,4
LogReg,"[14,17)",103,,,0.0,0,,,0.0,0,0.9179939107214309,0.0,0.0,1,5
LogReg,"[17,18)",298,0.9922313268130745,0.0,0.0,2,0.9923872915089337,0.0,0.0,2,0.9492366261466654,0.0,0.0,5,5
LogReg,"[18,19)",1680,0.9318579725395746,0.0,0.0,9,0.9325322920014101,0.0,0.0,9,0.9384451264324074,0.041666666666666664,0.0011904761904761906,48,5
LogReg,"[19,20)",3984,0.9250550693466494,0.023255813953488372,0.000251004016064257,43,0.9252734747604232,0.022727272727272728,0.000251004016064257,44,0.9387617734085482,0.20481927710843373,0.00853413654618474,166,5
LogReg,"[20,22)",13123,0.9228387312927339,0.775357385976855,0.0867941781604816,1469,0.9229097060499589,0.7767564018384767,0.09014707002971882,1523,0.9433959947234524,0.843233883857219,0.48243541873047324,7508,5
RandomForest,"[14,17)",103,0.9493333864691059,1.0,0.22330097087378642,23,0.951823927742597,1.0,0.2524271844660194,26,0.9528330219694118,0.96875,0.30097087378640774,32,5
RandomForest,"[17,18)",298,0.9717675254247604,0.9878048780487805,0.5436241610738255,164,0.9745739748331133,0.9881656804733728,0.5604026845637584,169,0.9775578104593249,0.9887640449438202,0.5906040268456376,178,5
RandomForest,"[18,19)",1680,0.9835576583979281,0.9929078014184397,0.75,1269,0.984646211917829,0.9907763259031515,0.7672619047619048,1301,0.9874761259428642,0.9901589704769115,0.7785714285714286,1321,5
RandomForest,"[19,20)",3984,0.9843468696611295,0.9923740053050398,0.7512550200803213,3016,0.9864580735984968,0.9924540682414699,0.7592871485943775,3048,0.9885284739482164,0.9913183279742765,0.7738453815261044,3110,5
RandomForest,"[20,22)",13123,0.9632110221580948,0.9634129114281679,0.5196982397317687,7079,0.9656460674068357,0.9588949686373949,0.5475120018288501,7493,0.9687884313706686,0.9516288252714709,0.5876705021717595,8104,5
HistGB,"[14,17)",103,0.9544055525140062,0.9705882352941176,0.32038834951456313,34,0.9536334692727372,0.9714285714285714,0.3300970873786408,35,0.9569847822819373,0.972972972972973,0.34951456310679613,37,5
HistGB,"[17,18)",298,0.9769483289140238,0.979381443298969,0.6375838926174496,194,0.9774025930443214,0.979381443298969,0.6375838926174496,194,0.9787171697285956,0.98,0.6577181208053692,200,5
HistGB,"[18,19)",1680,0.9864097602368136,0.9896065330363771,0.7934523809523809,1347,0.9866909771863512,0.9896065330363771,0.7934523809523809,1347,0.9880356585512005,0.988243938280676,0.8005952380952381,1361,5
HistGB,"[19,20)",3984,0.9856692553295293,0.9902248289345064,0.7628012048192772,3069,0.9859108053666321,0.9902311950504722,0.7633032128514057,3071,0.9871974449899741,0.989713918354227,0.7728413654618473,3111,5
HistGB,"[20,22)",13123,0.9640462750608358,0.963329615170106,0.5264802255581803,7172,0.964316761712116,0.9631067961165048,0.5291472986359826,7210,0.96568694971529,0.9582242011524358,0.5575706774365617,7636,5
MLP,"[14,17)",103,0.9558521818171412,1.0,0.32038834951456313,33,0.9514928348078295,1.0,0.32038834951456313,33,0.9509300364358255,1.0,0.2815533980582524,29,5
MLP,"[17,18)",298,0.9773446142374924,0.979381443298969,0.6375838926174496,194,0.9756117126613225,0.984375,0.6342281879194631,192,0.9719535835537921,0.9842105263157894,0.62751677852349,190,5
MLP,"[18,19)",1680,0.9860719810197209,0.9897134459955915,0.8017857142857143,1361,0.9850531730969334,0.9896373056994818,0.7958333333333333,1351,0.983357601052993,0.9917417417417418,0.7863095238095238,1332,5
MLP,"[19,20)",3984,0.9869311991093727,0.990070467648943,0.7758534136546185,3122,0.9860358795743894,0.9899935442220787,0.7698293172690763,3098,0.9843392571926217,0.9908466819221968,0.7607931726907631,3059,5
MLP,"[20,22)",13123,0.9663732852482967,0.9661800838271426,0.5094109578602454,6919,0.9655344430760167,0.9690690690690691,0.49180827554675,6660,0.9635067568601895,0.9726897427754843,0.4668139907033453,6298,5
LogReg,"[14,17)",101,0.9902994810919781,0.0,0.0,3,0.9903033386031406,0.0,0.0,3,0.9978110736586915,0.0,0.0,3,6
LogReg,"[17,18)",323,0.9675605297333563,0.25,0.0030959752321981426,4,0.9675709873286511,0.25,0.0030959752321981426,4,0.972993409169713,0.2,0.0030959752321981426,5,6
LogReg,"[18,19)",1628,0.9265070582182794,0.0,0.0,4,0.9265259736803648,0.0,0.0,4,0.9305720334299273,0.0,0.0,43,6
LogReg,"[19,20)",4000,0.9223724785018252,0.05405405405405406,0.0005,37,0.922392489364034,0.05405405405405406,0.0005,37,0.9402861887282847,0.15436241610738255,0.00575,149,6
LogReg,"[20,22)",13135,0.922389555562838,0.7607142857142857,0.08108108108108109,1400,0.9224115964430399,0.7607142857142857,0.08108108108108109,1400,0.9405355537382615,0.8421052631578947,0.44826798629615533,6992,6
RandomForest,"[14,17)",101,0.9539313040013025,1.0,0.2871287128712871,29,0.9594667700236345,1.0,0.297029702970297,30,0.9635465423289334,1.0,0.33663366336633666,34,6
RandomForest,"[17,18)",323,0.9709036588468656,1.0,0.5263157894736842,170,0.9728809050097915,1.0,0.5479876160990712,177,0.9749706681332405,1.0,0.5944272445820433,192,6
RandomForest,"[18,19)",1628,0.982660421773799,0.9944,0.7635135135135135,1250,0.984395142271336,0.993705743509048,0.7757985257985258,1271,0.9868534608805757,0.9931140015302219,0.7972972972972973,1307,6
RandomForest,"[19,20)",4000,0.9847626131528784,0.9899362629989936,0.73775,2981,0.9862269587847967,0.9897655992076593,0.7495,3029,0.9886097751704233,0.9883870967741936,0.766,3100,6
RandomForest,"[20,22)",13135,0.9636935211329576,0.964355605255801,0.5252379139703084,7154,0.9657287363252186,0.9589601477962523,0.553254663113818,7578,0.9696062917311142,0.9503941782898726,0.59657403882756,8245,6
HistGB,"[14,17)",101,0.9604803634515982,0.9565217391304348,0.43564356435643564,46,0.9610266396564968,0.9565217391304348,0.43564356435643564,46,0.964318388090177,0.9565217391304348,0.43564356435643564,46,6
HistGB,"[17,18)",323,0.9728280429532423,0.964824120603015,0.5944272445820433,199,0.9728605412764295,0.965,0.5975232198142415,200,0.9745550693306853,0.9653465346534653,0.6037151702786377,202,6
HistGB,"[18,19)",1628,0.9858625855589667,0.9931869795609387,0.8058968058968059,1321,0.9859699014530507,0.9931972789115646,0.8071253071253072,1323,0.9865717743555049,0.9917664670658682,0.8138820638820639,1336,6
HistGB,"[19,20)",4000,0.9839602375492146,0.9898026315789473,0.75225,3040,0.9841097287979736,0.9898160315374507,0.75325,3044,0.9849587906617218,0.9889250814332248,0.759,3070,6
HistGB,"[20,22)",13135,0.9634861992206103,0.9628232005590496,0.5244765892653217,7155,0.9635684265527588,0.9629218164143869,0.5279025504377617,7201,0.9647037995282363,0.9599460552933243,0.5419109250095165,7415,6
MLP,"[14,17)",101,0.9745041374031042,0.9777777777777777,0.43564356435643564,45,0.9727649366581606,1.0,0.42574257425742573,43,0.9712601136576867,1.0,0.4158415841584158,42,6
MLP,"[17,18)",323,0.9774980010884691,0.9853658536585366,0.6253869969040248,205,0.9754319033615897,0.9849246231155779,0.6068111455108359,199,0.9732883180817137,0.9898477157360406,0.6037151702786377,197,6
MLP,"[18,19)",1628,0.9869128421996877,0.9896449704142012,0.8218673218673219,1352,0.9848569385781247,0.9902912621359223,0.8144963144963145,1339,0.983310296924588,0.9902402402402403,0.8101965601965602,1332,6
MLP,"[19,20)",4000,0.987467675792363,0.9885313794201975,0.77575,3139,0.9856672727918258,0.989056968136466,0.76825,3107,0.9845995793649638,0.989282234491718,0.7615,3079,6
MLP,"[20,22)",13135,0.9643383754198966,0.9622771866795633,0.5301865245527217,7237,0.9624337538146128,0.9669957271253867,0.499657403882756,6787,0.9612436718443864,0.9695525142242042,0.4800152264940997,6503,6
LogReg,"[14,17)",101,0.9881270689326065,0.0,0.0,1,0.9877856008256836,0.0,0.0,1,0.998169207719976,0.0,0.0,1,7
LogReg,"[17,18)",310,0.9992486308338904,0.0,0.0,1,0.9992127474568788,0.0,0.0,1,0.9276411847507009,0.0,0.0,6,7
LogReg,"[18,19)",1585,0.9056109654170761,0.0,0.0,4,0.9042161592913214,0.0,0.0,4,0.9333484278011182,0.02702702702702703,0.0006309148264984228,37,7
LogReg,"[19,20)",3885,0.9244107487270888,0.06,0.0007722007722007722,50,0.9258299539907969,0.06666666666666667,0.0007722007722007722,45,0.9434211275130779,0.1464968152866242,0.005920205920205921,157,7
LogReg,"[20,22)",13307,0.9226839741144796,0.7657295850066934,0.08596979033591343,1494,0.9223556908265431,0.7664796633941094,0.0821372210114977,1426,0.9423619619465732,0.8383851931330472,0.46975276170436614,7456,7
RandomForest,"[14,17)",101,0.9577069282738202,1.0,0.19801980198019803,20,0.9562495372480587,1.0,0.22772277227722773,23,0.961851842495159,1.0,0.26732673267326734,27,7
RandomForest,"[17,18)",310,0.9691266788537913,0.9825581395348837,0.5451612903225806,172,0.9706336788816226,0.9777777777777777,0.567741935483871,180,0.9752140223159744,0.979381443298969,0.6129032258064516,194,7
RandomForest,"[18,19)",1585,0.9821650566025318,0.9934426229508196,0.7646687697160883,1220,0.983671159723975,0.9919354838709677,0.7760252365930599,1240,0.9867810963620224,0.9898198903680501,0.7974763406940063,1277,7
RandomForest,"[19,20)",3885,0.984316197661736,0.9904955872369314,0.751093951093951,2946,0.9860205639760246,0.9895903290799194,0.7585585585585586,2978,0.98937968850523,0.988134475939354,0.7716859716859716,3034,7
RandomForest,"[20,22)",13307,0.9640582090688716,0.9630150471101111,0.5146163673254678,7111,0.9659672573162927,0.9580438268305719,0.5388141579619748,7484,0.9700140868648077,0.9496021220159151,0.5918689411587886,8294,7
HistGB,"[14,17)",101,0.9665795883523629,0.95,0.37623762376237624,40,0.96588694771598,0.95,0.37623762376237624,40,0.9688017824954447,0.9512195121951219,0.38613861386138615,41,7
HistGB,"[17,18)",310,0.9768984761930047,0.9702970297029703,0.632258064516129,202,0.9764080701060719,0.9702970297029703,0.632258064516129,202,0.9784397327976931,0.9658536585365853,0.6387096774193548,205,7
HistGB,"[18,19)",1585,0.9874955444916855,0.9891219891219891,0.8031545741324921,1287,0.9872726917450921,0.9898911353032659,0.8031545741324921,1286,0.9879544802047648,0.9884969325153374,0.8132492113564669,1304,7
HistGB,"[19,20)",3885,0.9856088907617574,0.9887118193891102,0.7665379665379666,3012,0.985423814779125,0.9886930495510475,0.7652509652509653,3007,0.986662928320533,0.9881500987491771,0.7727155727155727,3038,7
HistGB,"[20,22)",13307,0.9648895306787375,0.9622249896222499,0.5225820996468025,7227,0.9647098826363301,0.9624982573539662,0.5188246787405125,7173,0.96597992113246,0.9577577045696068,0.5418200946870069,7528,7
MLP,"[14,17)",101,0.9649905413606684,0.9615384615384616,0.49504950495049505,52,0.9619688968659403,0.9615384615384616,0.49504950495049505,52,0.9619164932234457,0.9615384615384616,0.49504950495049505,52,7
MLP,"[17,18)",310,0.9789340253409818,0.986046511627907,0.6838709677419355,215,0.9791869638998482,0.9904306220095693,0.667741935483871,209,0.9791535573183198,0.9904306220095693,0.667741935483871,209,7
MLP,"[18,19)",1585,0.9879828885869059,0.9864661654135338,0.8277602523659306,1330,0.9871165554931813,0.9871698113207548,0.8252365930599369,1325,0.9870957048834381,0.9871698113207548,0.8252365930599369,1325,7
MLP,"[19,20)",3885,0.9881643770773413,0.9896440129449838,0.7871299871299872,3090,0.987170633415889,0.9896204995134609,0.7853281853281854,3083,0.9871497820505604,0.9896204995134609,0.7853281853281854,3083,7
MLP,"[20,22)",13307,0.9675703948623843,0.9639217846323327,0.5260389268805892,7262,0.9669252325837837,0.9668179239931934,0.5123619147816938,7052,0.9669091635410907,0.9668038019577245,0.5121364695273164,7049,7
LogReg,"[14,17)",92,0.9950157306120669,0.0,0.0,3,0.9947716902037106,0.0,0.0,3,0.9990969912685465,0.0,0.0,3,8
LogReg,"[17,18)",312,,,0.0,0,,,0.0,0,0.9175106307578823,0.0,0.0,4,8
LogReg,"[18,19)",1595,0.9295311022777222,0.2,0.0006269592476489029,5,0.9277104311098411,0.2,0.0006269592476489029,5,0.9345493992616424,0.07407407407407407,0.0012539184952978057,27,8
LogReg,"[19,20)",3960,0.9240062334014811,0.03125,0.0002525252525252525,32,0.9243971809525761,0.034482758620689655,0.0002525252525252525,29,0.9390701682494677,0.104,0.0032828282828282827,125,8
LogReg,"[20,22)",13229,0.9228372681737378,0.7568777991042867,0.08942474865825081,1563,0.9226872776435339,0.7554309740714786,0.0814876407891753,1427,0.9409501353410449,0.8306042602521374,0.4332904981480082,6901,8
RandomForest,"[14,17)",92,0.9528678608498831,1.0,0.14130434782608695,13,0.9552928419130854,1.0,0.15217391304347827,14,0.9500921294694361,1.0,0.20652173913043478,19,8
RandomForest,"[17,18)",312,0.9683594117587906,0.9840425531914894,0.592948717948718,188,0.9724014952243958,0.9841269841269841,0.5961538461538461,189,0.9771947111411499,0.9845360824742269,0.6121794871794872,194,8
RandomForest,"[18,19)",1595,0.9830246067049786,0.991941982272361,0.7717868338557994,1241,0.9843017515699403,0.9904837430610627,0.7830721003134796,1261,0.9867380480693025,0.9883268482490273,0.7962382445141066,1285,8
RandomForest,"[19,20)",3960,0.9852477640249594,0.9907682162875041,0.7588383838383839,3033,0.9867157834141145,0.9902088772845953,0.7661616161616162,3064,0.9888555044250588,0.9884355926758753,0.777020202020202,3113,8
RandomForest,"[20,22)",13229,0.9638168270535938,0.9593238972103889,0.5277042860382493,7277,0.965727402075165,0.9552081965059767,0.5497014135611157,7613,0.9688983575554934,0.9489158397647923,0.585531786227228,8163,8
HistGB,"[14,17)",92,0.9591321423850758,0.96875,0.33695652173913043,32,0.959227472094977,0.96875,0.33695652173913043,32,0.9608420048754507,0.96875,0.33695652173913043,32,8
HistGB,"[17,18)",312,0.972593719743373,0.9674418604651163,0.6666666666666666,215,0.9723274404654956,0.9675925925925926,0.6698717948717948,216,0.9735129124381172,0.9675925925925926,0.6698717948717948,216,8
HistGB,"[18,19)",1595,0.9865744591480767,0.9855732725892179,0.8137931034482758,1317,0.9866128411011567,0.9855732725892179,0.8137931034482758,1317,0.9870000438099565,0.9848599545798638,0.8156739811912226,1321,8
HistGB,"[19,20)",3960,0.9853245063194441,0.9875,0.7780303030303031,3120,0.9853652029499413,0.9875,0.7780303030303031,3120,0.9858335846990841,0.9872122762148338,0.7797979797979798,3128,8
HistGB,"[20,22)",13229,0.9641484388411325,0.9567464635473341,0.5317106357245446,7352,0.9641862739320445,0.9567758597254316,0.5320885932421195,7357,0.9646975154564964,0.9558862965942612,0.5388918285584701,7458,8
MLP,"[14,17)",92,0.9663683094006384,0.9555555555555556,0.4673913043478261,45,0.9641188302914865,0.9534883720930233,0.44565217391304346,43,0.9641796052553206,0.9534883720930233,0.44565217391304346,43,8
MLP,"[17,18)",312,0.9762361945285751,0.9743589743589743,0.7307692307692307,234,0.9737355955303029,0.9782608695652174,0.7211538461538461,230,0.9737812475119796,0.9782608695652174,0.7211538461538461,230,8
MLP,"[18,19)",1595,0.9883533495050061,0.986764705882353,0.8413793103448276,1360,0.9871110790331461,0.9866369710467706,0.8332288401253919,1347,0.9871361708294648,0.9866369710467706,0.8332288401253919,1347,8
MLP,"[19,20)",3960,0.9885792073110695,0.984472049689441,0.8005050505050505,3220,0.9873443962861432,0.9855934857500783,0.7946969696969697,3193,0.9873683435491462,0.9855934857500783,0.7946969696969697,3193,8
MLP,"[20,22)",13229,0.9660982688501338,0.9573796369376479,0.5501549625822058,7602,0.9645626564617259,0.9599944819975169,0.5260412729609192,7249,0.9645546131835233,0.9600330760749725,0.5265704134855242,7256,8
LogReg,"[14,17)",87,0.9999864137671248,0.0,0.0,2,0.9999863424751405,0.0,0.0,2,0.9618052787477314,0.0,0.0,4,9
LogReg,"[17,18)",334,0.9898498073332586,0.0,0.0,2,0.9898304810767979,0.0,0.0,2,0.9590487289388361,0.0,0.0,4,9
LogReg,"[18,19)",1587,0.9341280534606996,0.0,0.0,3,0.9340588597217466,0.0,0.0,3,0.9352847637918605,0.03333333333333333,0.000630119722747322,30,9
LogReg,"[19,20)",3918,0.9268792111145888,0.05405405405405406,0.0005104645227156713,37,0.9267919974540575,0.05405405405405406,0.0005104645227156713,37,0.9385183557719937,0.16875,0.006891271056661562,160,9
LogReg,"[20,22)",13261,0.9237380026453635,0.7737617135207496,0.08717291305331423,1494,0.923703087216848,0.774496644295302,0.08702209486464067,1490,0.9424455764478893,0.8384065643197459,0.4777166126234824,7556,9
RandomForest,"[14,17)",87,0.9551330252496599,1.0,0.16091954022988506,14,0.9533137797221817,1.0,0.19540229885057472,17,0.9573885904044384,1.0,0.21839080459770116,19,9
RandomForest,"[17,18)",334,0.9692454509133887,0.9846938775510204,0.5778443113772455,196,0.9720843667855491,0.9803921568627451,0.5988023952095808,204,0.9759991488387569,0.976303317535545,0.6167664670658682,211,9
RandomForest,"[18,19)",1587,0.9828738012183691,0.988,0.7781978575929427,1250,0.9851949688118848,0.9881610102604578,0.7889098928796471,1267,0.9878529170031981,0.9867498051441933,0.7977315689981096,1283,9
RandomForest,"[19,20)",3918,0.9841246455038204,0.9923384410393071,0.7603369065849923,3002,0.9862636698226702,0.9914558001971738,0.7700357325165901,3043,0.9883852958407764,0.9906300484652666,0.7825421133231241,3095,9
RandomForest,"[20,22)",13261,0.9641562298499351,0.9582931865106676,0.5249981147726416,7265,0.9667941321293719,0.952956465237167,0.5529748887715858,7695,0.9703363444899323,0.9489820946774589,0.5835155719779805,8154,9
HistGB,"[14,17)",87,0.9600532374849099,0.9428571428571428,0.3793103448275862,35,0.9603396494997926,0.9444444444444444,0.39080459770114945,36,0.9597439192284206,0.9473684210526315,0.41379310344827586,38,9
HistGB,"[17,18)",334,0.9726352363240333,0.9559471365638766,0.6497005988023952,227,0.9737644486448811,0.956140350877193,0.6526946107784432,228,0.975294048566029,0.9519650655021834,0.6526946107784432,229,9
HistGB,"[18,19)",1587,0.9869156709086963,0.9884437596302003,0.8084436042848141,1298,0.9873693288054787,0.9884881043745203,0.8115942028985508,1303,0.9879776875819007,0.9877769289533995,0.8147448015122873,1309,9
HistGB,"[19,20)",3918,0.9849447009588194,0.9918166939443536,0.7733537519142419,3055,0.985509689139116,0.9905445060319531,0.7753956100051046,3067,0.9862120483471233,0.990593577684074,0.77947932618683,3083,9
HistGB,"[20,22)",13261,0.9643420424259805,0.9585228055670387,0.524545660206621,7257,0.9649246920840023,0.956827716876438,0.5331422969610135,7389,0.9657476868969626,0.955405584226545,0.54445366111153,7557,9
MLP,"[14,17)",87,0.9689873665285702,0.9743589743589743,0.4367816091954023,39,0.9689379627235434,0.9736842105263158,0.42528735632183906,38,0.969014003654508,0.9743589743589743,0.4367816091954023,39,9
MLP,"[17,18)",334,0.9796025507408782,0.9510204081632653,0.6976047904191617,245,0.9789309022296392,0.9506172839506173,0.6916167664670658,243,0.9796209048232816,0.9510204081632653,0.6976047904191617,245,9
MLP,"[18,19)",1587,0.9882938437323552,0.9824046920821115,0.8443604284814115,1364,0.9879407654828435,0.9830508474576272,0.8405797101449275,1357,0.9883050131655607,0.9824046920821115,0.8443604284814115,1364,9
MLP,"[19,20)",3918,0.988281885244747,0.9877010406811731,0.7993874425727412,3171,0.9878434166153593,0.9879670677644079,0.7963246554364471,3158,0.9882929873824469,0.9877010406811731,0.7993874425727412,3171,9
MLP,"[20,22)",13261,0.9693534408178984,0.9530964201724589,0.5501093431867883,7654,0.9685500004011598,0.9542743538767395,0.5429454792247945,7545,0.9693694893570245,0.9531025473546701,0.5501847522811251,7655,9
LogReg,"[14,17)",105,0.9879834244820481,0.0,0.0,2,0.9886822363563589,0.0,0.0,2,0.9975563046098741,0.0,0.0,2,10
LogReg,"[17,18)",327,0.9679903576432314,0.0,0.0,2,0.9692765036876929,0.0,0.0,2,0.9508143131175486,0.0,0.0,4,10
LogReg,"[18,19)",1589,0.9546548705869251,0.0,0.0,4,0.9454376837691483,0.0,0.0,5,0.9347471301001068,0.0,0.0,43,10
LogReg,"[19,20)",4016,0.9202111892458391,0.047619047619047616,0.00049800796812749,42,0.9219010121895952,0.044444444444444446,0.00049800796812749,45,0.940755087926896,0.14788732394366197,0.005229083665338645,142,10
LogReg,"[20,22)",13151,0.9229665805158207,0.7682344921608726,0.08569690517831344,1467,0.9236264580042449,0.7777101096224117,0.0971028819101209,1642,0.9422957106037844,0.8434232250963126,0.46612424910653183,7268,10
RandomForest,"[14,17)",105,0.9459472566433706,1.0,0.20952380952380953,22,0.9500298573279068,1.0,0.23809523809523808,25,0.9555019826664899,1.0,0.2571428571428571,27,10
RandomForest,"[17,18)",327,0.9681866346124527,0.98989898989899,0.599388379204893,198,0.9703040698881358,0.9856459330143541,0.6299694189602446,209,0.9736687198243916,0.9814814814814815,0.6483180428134556,216,10
RandomForest,"[18,19)",1589,0.9827457311347727,0.994345718901454,0.7747010698552549,1238,0.9846737937652408,0.993660855784469,0.789175582127124,1262,0.9869324887293962,0.9929522317932654,0.7979861548143486,1277,10
RandomForest,"[19,20)",4016,0.9850238486627843,0.9920239282153539,0.7432768924302788,3009,0.9869981606104543,0.9908256880733946,0.7529880478087649,3052,0.9883476287672485,0.9900225297714838,0.7659362549800797,3107,10
RandomForest,"[20,22)",13151,0.9625280812452152,0.9618818194700297,0.5161584670367273,7057,0.965480145549896,0.9582332532692821,0.5460421260740628,7494,0.9680865343730551,0.9545283255872378,0.5778267812333663,7961,10
HistGB,"[14,17)",105,0.957997912182512,0.9523809523809523,0.38095238095238093,42,0.9580522336498679,0.9523809523809523,0.38095238095238093,42,0.9577815872519878,0.9534883720930233,0.3904761904761905,43,10
HistGB,"[17,18)",327,0.9735003583689961,0.9776785714285714,0.6697247706422018,224,0.9735369919127639,0.9776785714285714,0.6697247706422018,224,0.9739239428483977,0.9777777777777777,0.672782874617737,225,10
HistGB,"[18,19)",1589,0.9875690373070445,0.9892307692307692,0.8093140339836375,1300,0.9875887313256275,0.9892307692307692,0.8093140339836375,1300,0.9878368567601034,0.989247311827957,0.8105726872246696,1302,10
HistGB,"[19,20)",4016,0.9851188805191347,0.9881562099871959,0.7686752988047809,3124,0.9851412395774387,0.9881562099871959,0.7686752988047809,3124,0.9854673179086558,0.9878516624040921,0.7694223107569721,3128,10
HistGB,"[20,22)",13151,0.9640675043716549,0.9630462273429816,0.5211770967987225,7117,0.9641034198150615,0.9630514189379039,0.5212531366436013,7118,0.964275586584408,0.9627622620536335,0.5268800851646263,7197,10
MLP,"[14,17)",105,0.9432890093607803,1.0,0.22857142857142856,24,0.9437380050373041,1.0,0.23809523809523808,25,0.9404364755472483,1.0,0.20952380952380953,22,10
MLP,"[17,18)",327,0.9681542509711107,0.9845360824742269,0.5840978593272171,194,0.9688199324311024,0.9846938775510204,0.5902140672782875,196,0.9666748018881745,0.983957219251337,0.5626911314984709,187,10
MLP,"[18,19)",1589,0.9854002423880637,0.9952076677316294,0.7841409691629956,1252,0.9858280534985033,0.9944267515923567,0.7860289490245438,1256,0.9842881657840847,0.9959612277867528,0.775959723096287,1238,10
MLP,"[19,20)",4016,0.98387955571981,0.9911764705882353,0.7552290836653387,3060,0.9843549208169581,0.9912052117263843,0.7577191235059761,3070,0.9829177788002752,0.9920398009950249,0.7447709163346613,3015,10
MLP,"[20,22)",13151,0.961128926277205,0.9727214377406932,0.4609535396547791,6232,0.9616715914013633,0.9714285714285714,0.467949205383621,6335,0.9594910911174506,0.9747814391392065,0.44087902060679796,5948,10
LogReg,"[14,17)",81,0.999983434874029,0.0,0.0,1,0.999983744903356,0.0,0.0,1,0.9511879059676482,0.0,0.0,2,11
LogReg,"[17,18)",311,0.9831030843809004,0.0,0.0,4,0.983191611308069,0.0,0.0,4,0.971727545002496,0.0,0.0,6,11
LogReg,"[18,19)",1587,0.9205800940379983,0.16666666666666666,0.000630119722747322,6,0.9209076391399703,0.16666666666666666,0.000630119722747322,6,0.9343603391430038,0.02631578947368421,0.000630119722747322,38,11
LogReg,"[19,20)",3945,0.9244644213420529,0.061224489795918366,0.0007604562737642585,49,0.9238199068144388,0.058823529411764705,0.0007604562737642585,51,0.9431378980199039,0.16766467065868262,0.007097591888466414,167,11
LogReg,"[20,22)",13264,0.9230526809040123,0.7669764117226591,0.0808956574185766,1399,0.9230499087764931,0.7656579873328642,0.08202653799758745,1421,0.9423395103705087,0.8435619735258725,0.4756483715319662,7479,11
RandomForest,"[14,17)",81,0.9567526792522838,1.0,0.2345679012345679,19,0.9607535724410583,1.0,0.24691358024691357,20,0.9704174688059968,1.0,0.24691358024691357,20,11
RandomForest,"[17,18)",311,0.9696841138198787,0.9792746113989638,0.6077170418006431,193,0.9724191503671028,0.9748743718592965,0.6237942122186495,199,0.9735713479428736,0.9631336405529954,0.6720257234726688,217,11
RandomForest,"[18,19)",1587,0.9827777604366076,0.991042345276873,0.7668557025834909,1228,0.984772170551157,0.9895330112721417,0.7744171392564587,1242,0.9874597944999066,0.9881235154394299,0.7863894139886578,1263,11
RandomForest,"[19,20)",3945,0.9840360437476187,0.9923179692718771,0.7531051964512041,2994,0.985583767344163,0.9911154985192497,0.7634980988593156,3039,0.9881746763652658,0.9880181347150259,0.773384030418251,3088,11
RandomForest,"[20,22)",13264,0.96313954486199,0.9648085585585585,0.5167370325693607,7104,0.9657065171063093,0.962157809983897,0.5405609167671894,7452,0.9692446260902375,0.9568632340107218,0.5786338962605548,8021,11
HistGB,"[14,17)",81,0.9619001726551174,1.0,0.2962962962962963,24,0.965020434086647,1.0,0.2962962962962963,24,0.9699862728651315,1.0,0.2962962962962963,24,11
HistGB,"[17,18)",311,0.9726665886933572,0.9665071770334929,0.6495176848874598,209,0.9736382382078224,0.9624413145539906,0.6591639871382636,213,0.9764415987445614,0.9583333333333334,0.6655948553054662,216,11
HistGB,"[18,19)",1587,0.9854109564353728,0.9889589905362776,0.7901701323251418,1268,0.9860600639438376,0.9890539483971853,0.7971014492753623,1279,0.9870797300025432,0.9861218195836546,0.8059231253938248,1297,11
HistGB,"[19,20)",3945,0.9825530274807148,0.9910388317291736,0.7569074778200253,3013,0.9836415665777057,0.9910920488287693,0.761470215462611,3031,0.9849707070648795,0.9895934959349594,0.7713561470215463,3075,11
HistGB,"[20,22)",13264,0.9628295484450465,0.9649749821300929,0.5088962605548853,6995,0.963820694534334,0.9626855319739215,0.523220747889023,7209,0.9654848471551379,0.9602482831484416,0.5481755126658625,7572,11
MLP,"[14,17)",81,0.9448219459282288,1.0,0.19753086419753085,16,0.9378792300059071,1.0,0.19753086419753085,16,0.937642105288172,1.0,0.19753086419753085,16,11
MLP,"[17,18)",311,0.968998534016971,0.9669811320754716,0.6591639871382636,212,0.9658930952907187,0.9711538461538461,0.6495176848874598,208,0.9660620630917246,0.9710144927536232,0.6463022508038585,207,11
MLP,"[18,19)",1587,0.9870904748062154,0.98671875,0.7958412098298677,1280,0.9864034744194966,0.9873116574147502,0.7844990548204159,1261,0.9864731783280823,0.9872915011914217,0.7832388153749212,1259,11
MLP,"[19,20)",3945,0.9868807846573302,0.9897468760012816,0.7830164765525982,3121,0.9855242330601781,0.9906391220142027,0.7779467680608365,3098,0.9854553088453752,0.9906391220142027,0.7779467680608365,3098,11
MLP,"[20,22)",13264,0.9673157580806518,0.9624281321032223,0.5426718938480096,7479,0.9655823947776552,0.966278101582015,0.5249547647768396,7206,0.9655412833894846,0.9665045170257123,0.5242762364294331,7195,11
LogReg,"[14,17)",106,,,0.0,0,,,0.0,0,,,0.0,0,12
LogReg,"[17,18)",309,0.9576744798426557,0.5,0.003236245954692557,2,0.956883663223593,0.5,0.003236245954692557,2,0.9386575744505335,0.16666666666666666,0.003236245954692557,6,12
LogReg,"[18,19)",1595,0.9066963123816683,0.0,0.0,2,0.9053883263116973,0.0,0.0,2,0.9305343462846162,0.03333333333333333,0.0006269592476489029,30,12
LogReg,"[19,20)",3966,0.9280545077838661,0.034482758620689655,0.0002521432173474534,29,0.9279016115919403,0.03571428571428571,0.0002521432173474534,28,0.937728418994046,0.10687022900763359,0.0035300050428643467,131,12
LogReg,"[20,22)",13212,0.922989281641301,0.7816804407713499,0.08590675143808658,1452,0.9227885016676886,0.7803468208092486,0.08174386920980926,1384,0.9407930340544781,0.8379305203518712,0.42537087496215564,6707,12
RandomForest,"[14,17)",106,0.9515125799411106,1.0,0.2358490566037736,25,0.9529366794221351,1.0,0.25471698113207547,27,0.9587154458667327,1.0,0.29245283018867924,31,12
RandomForest,"[17,18)",309,0.9678379512401939,0.9941860465116279,0.5533980582524272,172,0.9695391309914188,0.9887640449438202,0.56957928802589,178,0.9744043563385504,0.9841269841269841,0.6019417475728155,189,12
RandomForest,"[18,19)",1595,0.9819623988268382,0.9904,0.7761755485893417,1250,0.9835556012229549,0.9888977002379065,0.7818181818181819,1261,0.9865797212453299,0.9883900928792569,0.8006269592476489,1292,12
RandomForest,"[19,20)",3966,0.9848121924260065,0.9904761904761905,0.7604639435199193,3045,0.9858553471007769,0.9902660609993511,0.7695410993444276,3082,0.9884393445153383,0.9885786802030457,0.7856782652546647,3152,12
RandomForest,"[20,22)",13212,0.9640504156368204,0.964573732718894,0.5069633666363912,6944,0.9654859984713409,0.9618995030369961,0.5273993339388435,7244,0.9692733778894281,0.954212916246216,0.5725855283075991,7928,12
HistGB,"[14,17)",106,0.9576906511065548,0.9487179487179487,0.3490566037735849,39,0.9565647699543266,0.9487179487179487,0.3490566037735849,39,0.95936549007265,0.9512195121951219,0.36792452830188677,41,12
HistGB,"[17,18)",309,0.9717841412334381,0.9949494949494949,0.6375404530744336,198,0.9713593538619354,0.9949238578680203,0.6343042071197411,197,0.9731863933900322,0.9852216748768473,0.6472491909385113,203,12
HistGB,"[18,19)",1595,0.9864666113519772,0.9861003861003861,0.8006269592476489,1295,0.9860352462573009,0.9861003861003861,0.8006269592476489,1295,0.9874568728088642,0.9862174578866769,0.8075235109717869,1306,12
HistGB,"[19,20)",3966,0.9849812436355804,0.9902692182938696,0.7697932425617751,3083,0.9847076055356425,0.9902470741222367,0.7680282400403429,3076,0.9861785229130114,0.9897006758931445,0.7753403933434191,3107,12
HistGB,"[20,22)",13212,0.9648353311966028,0.9638087031451961,0.5079473206176204,6963,0.9644834603947229,0.964513325608343,0.5040115046927036,6904,0.9657664507872119,0.9609192238888125,0.5285346654556464,7267,12
MLP,"[14,17)",106,0.9567880250189275,1.0,0.33962264150943394,36,0.9573125439158725,1.0,0.32075471698113206,34,0.9559746590251746,1.0,0.33962264150943394,36,12
MLP,"[17,18)",309,0.9741432842946356,0.9900990099009901,0.6472491909385113,202,0.9735001010500516,0.9899497487437185,0.6375404530744336,199,0.973619816419827,0.9900990099009901,0.6472491909385113,202,12
MLP,"[18,19)",1595,0.9864903075648569,0.9835329341317365,0.8238244514106583,1336,0.9858753065646364,0.9834586466165414,0.8200626959247649,1330,0.9863219635454913,0.9835082458770614,0.8225705329153605,1334,12
MLP,"[19,20)",3966,0.9873961675664522,0.987728130899937,0.791477559253656,3178,0.9868086789741982,0.9883096366508689,0.7887039838628341,3165,0.9871709968405448,0.9877204030226701,0.7909732728189611,3176,12
MLP,"[20,22)",13212,0.9654922430467602,0.9651876159223856,0.5120345140781108,7009,0.9648705618212484,0.9659704980283336,0.5006055101422949,6847,0.9652804989154969,0.96553209823352,0.5088555858310627,6963,12
LogReg,"[14,17)",98,0.9999927598225442,0.0,0.0,1,0.9999937309873799,0.0,0.0,1,0.9581724337832782,0.0,0.0,2,13
LogReg,"[17,18)",309,0.9657428450080594,0.0,0.0,2,0.9667614045353441,0.0,0.0,2,0.96046284801313,0.0,0.0,3,13
LogReg,"[18,19)",1565,0.9572420263727496,0.0,0.0,3,0.958538929779102,0.0,0.0,3,0.9297999242530938,0.0,0.0,34,13
LogReg,"[19,20)",3988,0.9246277023915016,0.0,0.0,33,0.9224281297620939,0.0,0.0,40,0.9390522240214647,0.19863013698630136,0.007271815446339017,146,13
LogReg,"[20,22)",13227,0.9221892732635458,0.7780898876404494,0.08376805020034778,1424,0.9224811032691765,0.7852604828462516,0.09344522567475617,1574,0.9429920978458967,0.8469827586206896,0.475391245180313,7424,13
RandomForest,"[14,17)",98,0.9480131403632541,0.9523809523809523,0.20408163265306123,21,0.9497882202682425,0.96,0.24489795918367346,25,0.9585793500760772,0.9642857142857143,0.2755102040816326,28,13
RandomForest,"[17,18)",309,0.9687357343491464,0.9893048128342246,0.598705501618123,187,0.9731085091718312,0.9895833333333334,0.6148867313915858,192,0.9778679533566734,0.9850746268656716,0.6407766990291263,201,13
RandomForest,"[18,19)",1565,0.9829506146611956,0.9909315746084089,0.7680511182108626,1213,0.9854303861548549,0.9910714285714286,0.7801916932907348,1232,0.9880553526573891,0.9897233201581027,0.8,1265,13
RandomForest,"[19,20)",3988,0.9847947667331247,0.9901283316880553,0.7545135406218656,3039,0.987114758455421,0.9896137617656605,0.7645436308926781,3081,0.9892668998774719,0.987033523086654,0.7825977933801405,3162,13
RandomForest,"[20,22)",13227,0.9633191337682486,0.9641313742437337,0.5060104332048083,6942,0.9656190164014963,0.9577839925422826,0.5437362969683224,7509,0.9698028878365906,0.9511127325793506,0.5912905420730324,8223,13
HistGB,"[14,17)",98,0.9608877943177766,0.8918918918918919,0.336734693877551,37,0.962230051183079,0.8918918918918919,0.336734693877551,37,0.9666703396016534,0.8918918918918919,0.336734693877551,37,13
HistGB,"[17,18)",309,0.9770789422450294,0.9675925925925926,0.6763754045307443,216,0.9779349338043758,0.9675925925925926,0.6763754045307443,216,0.9800173787882142,0.9678899082568807,0.6828478964401294,218,13
HistGB,"[18,19)",1565,0.9865672942164654,0.986697965571205,0.8057507987220447,1278,0.9868490488443726,0.9867394695787831,0.8083067092651757,1282,0.9881314317269692,0.9868217054263566,0.8134185303514377,1290,13
HistGB,"[19,20)",3988,0.9857323032528447,0.9895833333333334,0.7622868605817452,3072,0.9861129471214736,0.9896070152646963,0.7640421263791374,3079,0.9870542524652656,0.9887604367373154,0.7720661985957874,3114,13
HistGB,"[20,22)",13227,0.9634014773564948,0.9634094454687279,0.5135707265441899,7051,0.9636986707088473,0.9623986580933743,0.520526196416421,7154,0.9649056738037454,0.959562258107567,0.5435850911015347,7493,13
MLP,"[14,17)",98,0.9389594722657887,0.96,0.24489795918367346,25,0.939642979235521,0.96,0.24489795918367346,25,0.9402433743742621,0.96,0.24489795918367346,25,13
MLP,"[17,18)",309,0.9711866688271362,0.985,0.6375404530744336,200,0.9715582580008504,0.985,0.6375404530744336,200,0.9718838920557344,0.985,0.6375404530744336,200,13
MLP,"[18,19)",1565,0.9868664175215524,0.9920255183413078,0.794888178913738,1254,0.9869858513304122,0.9920318725099602,0.7955271565495208,1255,0.9870820883175979,0.9912420382165605,0.7955271565495208,1256,13
MLP,"[19,20)",3988,0.9867036642149098,0.9906239896540575,0.7683049147442327,3093,0.9868034275483831,0.9906330749354005,0.7690571715145437,3096,0.9868801461047984,0.9906421426266537,0.7698094282848545,3099,13
MLP,"[20,22)",13227,0.9666756468400659,0.9675459395376408,0.49361155212822255,6748,0.9668165608681314,0.9676657315812786,0.495501625463068,6773,0.9669020116014826,0.9677893807912928,0.49746730173130715,6799,13
LogReg,"[14,17)",80,0.9999891977340989,0.0,0.0,1,0.9999891787846956,0.0,0.0,1,0.9999998995090277,0.0,0.0,1,14
LogReg,"[17,18)",345,0.9531930592877009,0.5,0.002898550724637681,2,0.9531737590821919,0.5,0.002898550724637681,2,0.9642440516953918,0.3333333333333333,0.002898550724637681,3,14
LogReg,"[18,19)",1566,0.9322009889408802,0.0,0.0,4,0.9321768086752682,0.0,0.0,4,0.9305725166048358,0.0,0.0,32,14
LogReg,"[19,20)",4041,0.9235089815959604,0.06451612903225806,0.0004949269982677555,31,0.923480292230217,0.06451612903225806,0.0004949269982677555,31,0.9412590015875023,0.1349206349206349,0.004206879485275922,126,14
LogReg,"[20,22)",13156,0.9228521649791117,0.7815003641660597,0.08155974460322286,1373,0.9228370293617997,0.7813411078717201,0.0814837336576467,1372,0.9408671123030682,0.8463418140002875,0.44755244755244755,6957,14
RandomForest,"[14,17)",80,0.9486048354149237,1.0,0.1875,15,0.9528725156176263,1.0,0.2,16,0.9539294105374151,0.9523809523809523,0.25,21,14
RandomForest,"[17,18)",345,0.9657357317502928,0.9847715736040609,0.5623188405797102,197,0.9690783278049953,0.9852941176470589,0.5826086956521739,204,0.9763623060269765,0.985781990521327,0.6028985507246377,211,14
RandomForest,"[18,19)",1566,0.9827701189433213,0.9917695473251029,0.7694763729246488,1215,0.9846904842892447,0.9886455798864558,0.7784163473818646,1233,0.9872181846214007,0.9874509803921568,0.8039591315453385,1275,14
RandomForest,"[19,20)",4041,0.9835850795423198,0.9921363040629095,0.7493194753773819,3052,0.9853150619173355,0.9912931312479846,0.7607027963375402,3101,0.988552943422652,0.988647114474929,0.7757980697847068,3171,14
RandomForest,"[20,22)",13156,0.9637751522688212,0.965962947005601,0.5112496199452721,6963,0.9660778700755454,0.961820652173913,0.5380814837336576,7360,0.9701523986384206,0.9550824513905981,0.5899209486166008,8126,14
HistGB,"[14,17)",80,0.9516792076747235,0.9230769230769231,0.3,26,0.9532016281367055,0.9230769230769231,0.3,26,0.9594001100901194,0.9230769230769231,0.3,26,14
HistGB,"[17,18)",345,0.9728139569066716,0.9824561403508771,0.6492753623188405,228,0.9734757728420067,0.982532751091703,0.6521739130434783,229,0.9765034972209585,0.9827586206896551,0.6608695652173913,232,14
HistGB,"[18,19)",1566,0.9856584881886609,0.9859265050820953,0.8052362707535121,1279,0.9861011321635024,0.9859484777517564,0.8065134099616859,1281,0.9875449037798727,0.9860896445131375,0.8148148148148148,1294,14
HistGB,"[19,20)",4041,0.9836291827129671,0.9916398713826367,0.7631774313288789,3110,0.9841550669143507,0.9913294797687862,0.7639198218262806,3114,0.9857771032818106,0.9904731660844712,0.7718386537985648,3149,14
HistGB,"[20,22)",13156,0.9630994016457105,0.9632699728455052,0.5123137731833384,6997,0.9635510681960756,0.9628531073446328,0.518166615992703,7080,0.965394884015909,0.9596665770368379,0.5425661295226513,7438,14
MLP,"[14,17)",80,0.9779482147415486,0.9210526315789473,0.4375,38,0.9742879542018961,0.9210526315789473,0.4375,38,0.9766763443907551,0.9444444444444444,0.425,36,14
MLP,"[17,18)",345,0.9873663696239185,0.984375,0.7304347826086957,256,0.9863955094646807,0.9841269841269841,0.7188405797101449,252,0.9856224120576529,0.9840637450199203,0.7159420289855073,251,14
MLP,"[18,19)",1566,0.9905695974129342,0.987887963663891,0.8333333333333334,1321,0.9890405004269707,0.9886104783599089,0.8314176245210728,1317,0.9884665822998515,0.9885670731707317,0.8282247765006385,1312,14
MLP,"[19,20)",4041,0.9882761495139835,0.9914853358561968,0.7780252412769116,3171,0.986969003800365,0.9923639834552975,0.7718386537985648,3143,0.9865146668415176,0.992632927610506,0.7668893838158871,3122,14
MLP,"[20,22)",13156,0.9673848072045806,0.960536805740101,0.549483125570082,7526,0.965965979096135,0.9639312176709073,0.5240954697476436,7153,0.9654211560833565,0.964834218458447,0.5109455761629674,6967,14
LogReg,"[14,17)",87,0.9253243355272078,0.0,0.0,1,0.9244897750747142,0.0,0.0,1,0.9544020879309668,0.0,0.0,2,15
LogReg,"[17,18)",311,0.9843864527296068,0.2,0.003215434083601286,5,0.9841598698493261,0.2,0.003215434083601286,5,0.9575611584380338,0.1111111111111111,0.003215434083601286,9,15
LogReg,"[18,19)",1594,0.9283736690054569,0.0,0.0,5,0.9275696326773168,0.0,0.0,5,0.9341234237924075,0.0,0.0,31,15
LogReg,"[19,20)",3919,0.9224187009156104,0.09375,0.0007655014034192396,32,0.9214975038516822,0.09375,0.0007655014034192396,32,0.9405317714405689,0.13178294573643412,0.004337841286042358,129,15
LogReg,"[20,22)",13276,0.9226571185753608,0.7939352170916609,0.0867731244350708,1451,0.9224403269655826,0.7901498929336188,0.08338354926182585,1401,0.9413161198707146,0.8449295774647887,0.45186803253992164,7100,15
RandomForest,"[14,17)",87,0.9537707513176364,1.0,0.19540229885057472,17,0.9517972077514532,1.0,0.22988505747126436,20,0.954333897090176,1.0,0.27586206896551724,24,15
RandomForest,"[17,18)",311,0.9665314911278274,0.9880952380952381,0.5337620578778135,168,0.9690784406214739,0.9885057471264368,0.5530546623794212,174,0.9725259140050679,0.9838709677419355,0.5884244372990354,186,15
RandomForest,"[18,19)",1594,0.9824471452662191,0.9887640449438202,0.7728983688833124,1246,0.9844587127551074,0.9888712241653418,0.7804265997490589,1258,0.9867681626316152,0.9868114817688131,0.7979924717691342,1289,15
RandomForest,"[19,20)",3919,0.9836208839044578,0.9904448105436573,0.767032406226078,3035,0.9853185844219126,0.9895765472312703,0.7751977545292167,3070,0.9878233757368822,0.9878516624040921,0.7884664455218168,3128,15
RandomForest,"[20,22)",13276,0.9629736855352478,0.9636746143057503,0.517550467008135,7130,0.9650118518733449,0.96034183469088,0.5417294365772823,7489,0.9684868544951251,0.9550561797752809,0.5826303103344381,8099,15
HistGB,"[14,17)",87,0.9565307945440661,0.9117647058823529,0.3563218390804598,34,0.9571664604846213,0.9117647058823529,0.3563218390804598,34,0.9600358183028049,0.9117647058823529,0.3563218390804598,34,15
HistGB,"[17,18)",311,0.9692412516515431,0.9747474747474747,0.6205787781350482,198,0.9697490717029981,0.9747474747474747,0.6205787781350482,198,0.971679414691992,0.9748743718592965,0.6237942122186495,199,15
HistGB,"[18,19)",1594,0.9857403126829679,0.9868522815158546,0.8005018820577164,1293,0.9859370539150993,0.9868624420401855,0.801129234629862,1294,0.986718522442382,0.9869230769230769,0.8048933500627352,1300,15
HistGB,"[19,20)",3919,0.9835956543434226,0.9879242819843342,0.7723909160500128,3064,0.9837749920463518,0.9879400260756193,0.773411584587905,3068,0.9845307272632438,0.9870466321243523,0.7777494258739475,3088,15
HistGB,"[20,22)",13276,0.9636068695381391,0.9670158550396376,0.5145375112985839,7064,0.9637569520967095,0.9662304769945125,0.5172491714371799,7107,0.9646366410670855,0.964168039538715,0.5289996987044291,7284,15
MLP,"[14,17)",87,0.9735397216925803,0.9459459459459459,0.40229885057471265,37,0.9713046206595831,0.9722222222222222,0.40229885057471265,36,0.9694653715026534,0.9722222222222222,0.40229885057471265,36,15
MLP,"[17,18)",311,0.980085525535941,0.9726027397260274,0.684887459807074,219,0.9776535584397853,0.9723502304147466,0.6784565916398714,217,0.9769841469331302,0.9720930232558139,0.6720257234726688,215,15
MLP,"[18,19)",1594,0.9882713792551506,0.9894894894894894,0.8268506900878294,1332,0.9869952674196363,0.9901515151515151,0.8199498117942283,1320,0.9865568426435041,0.9916222391469917,0.8168130489335006,1313,15
MLP,"[19,20)",3919,0.987835592103486,0.987516005121639,0.7871906098494514,3124,0.9865263565078882,0.9883645765998708,0.7803010972186782,3094,0.9859131567087231,0.9883192731992213,0.7772390916050013,3082,15
MLP,"[20,22)",13276,0.96672039918865,0.9678988326848249,0.52463091292558,7196,0.9653020493614994,0.970644077698262,0.5006025911419102,6847,0.9646366210793179,0.9713859910581222,0.4909611328713468,6710,15
LogReg,"[14,17)",93,0.999960264554878,0.0,0.0,1,0.9999628942160356,0.0,0.0,1,0.9765803551616795,0.0,0.0,2,16
LogReg,"[17,18)",314,0.9853216436483204,0.0,0.0,4,0.9856377081797508,0.0,0.0,4,0.9459819989459507,0.0,0.0,12,16
LogReg,"[18,19)",1564,0.9646752465298152,0.0,0.0,4,0.9653189373307518,0.0,0.0,4,0.9306344919202432,0.0,0.0,42,16
LogReg,"[19,20)",3989,0.9251375246344662,0.0,0.0,32,0.923589657982803,0.0,0.0,36,0.9374382168102925,0.20261437908496732,0.007771371270995237,153,16
LogReg,"[20,22)",13228,0.9228422731045498,0.7726344452008169,0.08580284245539764,1469,0.9231317844265181,0.7751134154244977,0.09041427275476263,1543,0.9421887042462022,0.8400925421883506,0.46666162685213186,7348,16
RandomForest,"[14,17)",93,0.9501943574040972,1.0,0.24731182795698925,23,0.9560907921015067,1.0,0.25806451612903225,24,0.9623574731241246,1.0,0.26881720430107525,25,16
RandomForest,"[17,18)",314,0.969851132700529,0.9788359788359788,0.589171974522293,189,0.9726534294902854,0.9795918367346939,0.6114649681528662,196,0.9758986038316558,0.9802955665024631,0.6337579617834395,203,16
RandomForest,"[18,19)",1564,0.9826771563546723,0.9908637873754153,0.7627877237851662,1204,0.9847151927754695,0.9893529893529893,0.7723785166240409,1221,0.9865227360222597,0.9887550200803212,0.7870843989769821,1245,16
RandomForest,"[19,20)",3989,0.9847092029233292,0.9920948616600791,0.7550764602657307,3036,0.9861275978390411,0.9899741267787839,0.76736024066182,3092,0.9881505303733631,0.9891512444160817,0.7771371270995237,3134,16
RandomForest,"[20,22)",13228,0.9635009490587529,0.9629990262901655,0.5233595403689144,7189,0.9659317004227901,0.9574776197998947,0.5498185666767463,7596,0.9688644957937427,0.9533151229202881,0.5804354399758089,8054,16
HistGB,"[14,17)",93,0.9464297744429163,0.9166666666666666,0.3548387096774194,36,0.9513287848837542,0.9166666666666666,0.3548387096774194,36,0.9515563998927333,0.8947368421052632,0.3655913978494624,38,16
HistGB,"[17,18)",314,0.968720660538162,0.9577464788732394,0.6496815286624203,213,0.9713922004473489,0.958139534883721,0.6560509554140127,215,0.972029894230872,0.9497716894977168,0.6624203821656051,219,16
HistGB,"[18,19)",1564,0.9840018049292111,0.9856687898089171,0.7915601023017903,1256,0.9851622702612328,0.9850039463299132,0.7979539641943734,1267,0.985782764920601,0.9843014128728415,0.8017902813299232,1274,16
HistGB,"[19,20)",3989,0.9817269479608619,0.9896070152646963,0.7638505891200802,3079,0.9834009512299506,0.9893376413570275,0.7676109300576586,3095,0.9842558260567046,0.9887387387387387,0.7703685134118827,3108,16
HistGB,"[20,22)",13228,0.9619549640312257,0.9612794612794613,0.5179921378893256,7128,0.9637814158932463,0.9599836668027767,0.5331871787118234,7347,0.9647783431833705,0.9583333333333334,0.5424856365285757,7488,16
MLP,"[14,17)",93,0.9671936728403797,0.9069767441860465,0.41935483870967744,43,0.9670248868236602,0.926829268292683,0.40860215053763443,41,0.9701830087821137,0.9459459459459459,0.3763440860215054,37,16
MLP,"[17,18)",314,0.9814868273162334,0.9777777777777777,0.7006369426751592,225,0.9803682807793986,0.9774774774774775,0.6910828025477707,222,0.9797801043814969,0.9814814814814815,0.6751592356687898,216,16
MLP,"[18,19)",1564,0.9887593831836891,0.9869931140015302,0.8248081841432225,1307,0.9874520495360884,0.9877300613496932,0.8235294117647058,1304,0.9865098560039434,0.9891388673390225,0.8152173913043478,1289,16
MLP,"[19,20)",3989,0.988515273469096,0.9869118105328762,0.793933316620707,3209,0.9876001626812739,0.9880765610291811,0.7894209074956129,3187,0.9865017374157677,0.988276299112801,0.7819002256204562,3156,16
MLP,"[20,22)",13228,0.9674696622360909,0.9605475040257649,0.541124886604173,7452,0.9659605544716358,0.9627681660899654,0.5258542485636528,7225,0.9642277216064279,0.9649704483205996,0.5060477774417902,6937,16
LogReg,"[14,17)",83,,,0.0,0,,,0.0,0,,,0.0,0,17
LogReg,"[17,18)",321,0.9626288025395955,0.25,0.003115264797507788,4,0.9629253036441583,0.25,0.003115264797507788,4,0.9396946592628928,0.1,0.003115264797507788,10,17
LogReg,"[18,19)",1615,0.9358649872997912,0.2,0.0006191950464396285,5,0.9363190157769237,0.2,0.0006191950464396285,5,0.9307305937896553,0.029411764705882353,0.0006191950464396285,34,17
LogReg,"[19,20)",4019,0.9259215109122776,0.0,0.0,32,0.925649650389728,0.0,0.0,33,0.938287847229577,0.11564625850340136,0.0042299079372978355,147,17
LogReg,"[20,22)",13150,0.9229099451658527,0.7680763983628922,0.08562737642585551,1466,0.9230730618078246,0.7669122572002679,0.0870722433460076,1493,0.9412104273268581,0.8299357721306897,0.45201520912547527,7162,17
RandomForest,"[14,17)",83,0.9503652472765506,1.0,0.30120481927710846,25,0.9523884627050928,1.0,0.3253012048192771,27,0.9596793842574378,1.0,0.3614457831325301,30,17
RandomForest,"[17,18)",321,0.9720155184275225,0.9895833333333334,0.5919003115264797,192,0.9737735329615337,0.9898477157360406,0.6074766355140186,197,0.9779881863905839,0.9903381642512077,0.6386292834890965,207,17
RandomForest,"[18,19)",1615,0.9836079291138009,0.9902676399026764,0.7560371517027864,1233,0.9851339756864693,0.9903536977491961,0.7628482972136222,1244,0.9871988755634292,0.9867704280155642,0.785139318885449,1285,17
RandomForest,"[19,20)",4019,0.9846993290266528,0.9925421530479897,0.761632246827569,3084,0.9860130531720513,0.9926163723916533,0.7693456083602886,3115,0.9887816571964378,0.9918187539332913,0.7842746951978103,3178,17
RandomForest,"[20,22)",13150,0.9623172193448866,0.9581382539245387,0.5291254752851711,7262,0.9642384521801018,0.954383181277271,0.5488973384030418,7563,0.968624993979681,0.9478218662783643,0.5939923954372623,8241,17
HistGB,"[14,17)",83,0.9560454327062803,0.9285714285714286,0.46987951807228917,42,0.9568409254285615,0.926829268292683,0.4578313253012048,41,0.9608256652136963,0.9285714285714286,0.46987951807228917,42,17
HistGB,"[17,18)",321,0.9755137922379038,0.985981308411215,0.6573208722741433,214,0.975146900133676,0.985981308411215,0.6573208722741433,214,0.9772285700727367,0.9862385321100917,0.6697819314641744,218,17
HistGB,"[18,19)",1615,0.9855525481050001,0.9825493171471927,0.8018575851393189,1318,0.9854505366744835,0.9825227963525835,0.8006191950464396,1316,0.9867157161888851,0.9819548872180451,0.8086687306501548,1330,17
HistGB,"[19,20)",4019,0.9848521252177201,0.991423125794155,0.7765613336650908,3148,0.9847181737843518,0.9920483460559797,0.7760636974371734,3144,0.9862473129399015,0.9911699779249448,0.7820353321721821,3171,17
HistGB,"[20,22)",13150,0.9634526333878443,0.9618118466898955,0.5247908745247148,7175,0.9633221514136047,0.9623038116591929,0.5222053231939163,7136,0.9650455954581542,0.9588471849865952,0.5439543726235742,7460,17
MLP,"[14,17)",83,0.9516935116281221,0.975609756097561,0.4819277108433735,41,0.9529523199228401,0.9714285714285714,0.40963855421686746,35,0.9515276640018214,0.9743589743589743,0.4578313253012048,39,17
MLP,"[17,18)",321,0.9759676485398272,0.9910714285714286,0.6915887850467289,224,0.9739275299480833,0.9953917050691244,0.6728971962616822,217,0.9752731621174644,0.995475113122172,0.6853582554517134,221,17
MLP,"[18,19)",1615,0.9873915432023694,0.9844903988183161,0.8253869969040247,1354,0.986133775573526,0.9880059970014993,0.8160990712074303,1334,0.9869993920934846,0.9873605947955391,0.8222910216718267,1345,17
MLP,"[19,20)",4019,0.9884382635607585,0.9921334172435494,0.7845235133117691,3178,0.9873016973260825,0.9933035714285714,0.7750684249813387,3136,0.9880548813069775,0.9924050632911392,0.7802936053744712,3160,17
MLP,"[20,22)",13150,0.9668783701584548,0.9655222158107328,0.5089733840304183,6932,0.9651516010412154,0.9686119152826451,0.48342205323193915,6563,0.966201328222192,0.9669957271253867,0.4990874524714829,6787,17
LogReg,"[14,17)",91,,,0.0,0,,,0.0,0,0.9145089194042904,0.0,0.0,1,18
LogReg,"[17,18)",307,0.9908823871359509,0.0,0.0,4,0.9907703197766298,0.0,0.0,4,0.9626936428352194,0.0,0.0,7,18
LogReg,"[18,19)",1595,0.9277962864215744,0.0,0.0,6,0.9271662502511716,0.0,0.0,6,0.9310564032710275,0.0,0.0,38,18
LogReg,"[19,20)",3927,0.9245178484142041,0.07142857142857142,0.0007639419404125286,42,0.9244256373514086,0.07317073170731707,0.0007639419404125286,41,0.9408036642279017,0.1592356687898089,0.006366182836771072,157,18
LogReg,"[20,22)",13267,0.9234100197501051,0.7700573065902578,0.08102811487148565,1396,0.9232614758776729,0.7661764705882353,0.07854074018240748,1360,0.9402738677600448,0.8425096030729834,0.4463706942036632,7029,18
RandomForest,"[14,17)",91,0.9586259702630591,1.0,0.2967032967032967,27,0.9649350053543366,1.0,0.2967032967032967,27,0.968306949921986,1.0,0.31868131868131866,29,18
RandomForest,"[17,18)",307,0.9690683732529372,0.9943502824858758,0.5732899022801303,177,0.9723238762024207,0.994475138121547,0.5863192182410424,181,0.976861046475731,0.9946236559139785,0.6026058631921825,186,18
RandomForest,"[18,19)",1595,0.980751671995625,0.9921135646687698,0.7887147335423198,1268,0.982662185248039,0.9906832298136646,0.8,1288,0.9855587981395836,0.9893048128342246,0.8119122257053292,1309,18
RandomForest,"[19,20)",3927,0.9842633993327501,0.989351081530782,0.7570664629488159,3005,0.9855663725067939,0.9875735775016351,0.7690348866819455,3058,0.9882976942544583,0.9870592041410546,0.7769289533995416,3091,18
RandomForest,"[20,22)",13267,0.964089918523981,0.9662152729303365,0.5216703097912113,7163,0.9661521362685103,0.9618441971383148,0.5472224315971961,7548,0.9690690740500428,0.9575832305795314,0.5853621768297279,8110,18
HistGB,"[14,17)",91,0.9554359942450408,0.9473684210526315,0.3956043956043956,38,0.9557978893206369,0.9459459459459459,0.38461538461538464,37,0.9576036332607462,0.9473684210526315,0.3956043956043956,38,18
HistGB,"[17,18)",307,0.9723674980004798,0.9842105263157894,0.6091205211726385,190,0.9716233813704306,0.9842105263157894,0.6091205211726385,190,0.9734065588085881,0.9842931937172775,0.6123778501628665,191,18
HistGB,"[18,19)",1595,0.9854889184046274,0.9872372372372372,0.8244514106583072,1332,0.9851883723443001,0.987218045112782,0.8231974921630094,1330,0.9861163815348398,0.9872659176029962,0.826332288401254,1335,18
HistGB,"[19,20)",3927,0.9851290598007262,0.9869664385793419,0.7713267125031831,3069,0.9847398851339415,0.986957939354418,0.7708174178762414,3067,0.9858367600511623,0.9869876382563435,0.7725999490705373,3074,18
HistGB,"[20,22)",13267,0.9648180361438513,0.9660574412532638,0.529886183764227,7277,0.9644713958360381,0.9666112496536436,0.5258913092635863,7218,0.9654238706061069,0.9647297297297297,0.5381020577372427,7400,18
MLP,"[14,17)",91,0.9646592456251242,1.0,0.31868131868131866,29,0.9663638967576355,1.0,0.3076923076923077,28,0.9617888911499104,1.0,0.3076923076923077,28,18
MLP,"[17,18)",307,0.9746142460450122,0.9944444444444445,0.5830618892508144,180,0.9741750049936735,0.9944444444444445,0.5830618892508144,180,0.9719229155945202,0.9943502824858758,0.5732899022801303,177,18
MLP,"[18,19)",1595,0.9848519759233201,0.9929797191887676,0.7981191222570533,1282,0.9848342887237269,0.9929577464788732,0.7956112852664576,1278,0.9836601099535591,0.993660855784469,0.7862068965517242,1262,18
MLP,"[19,20)",3927,0.9852058656135951,0.98656178302196,0.7664884135472371,3051,0.9851253172417312,0.9875164257555847,0.7654698242933538,3044,0.9838756545306775,0.9883720930232558,0.7575757575757576,3010,18
MLP,"[20,22)",13267,0.9647877452679465,0.9694067190850607,0.5111178111102737,6995,0.9645697848858773,0.9692484552378215,0.5084043114494611,6959,0.963080921950994,0.9717760096081669,0.48790231401221074,6661,18
LogReg,"[14,17)",97,0.9999099094196156,0.0,0.0,1,0.9999032738233989,0.0,0.0,1,0.9999979644073075,0.0,0.0,1,19
LogReg,"[17,18)",308,0.9913822718503192,0.0,0.0,1,0.9910661609582471,0.0,0.0,1,0.9427579646806525,0.0,0.0,3,19
LogReg,"[18,19)",1620,0.9126919182324403,0.0,0.0,6,0.9111178651797424,0.0,0.0,6,0.9339096071190048,0.0,0.0,43,19
LogReg,"[19,20)",3935,0.9241067106851155,0.029411764705882353,0.00025412960609911054,34,0.9257260008990847,0.03333333333333333,0.00025412960609911054,30,0.9378965460643932,0.14189189189189189,0.005336721728081322,148,19
LogReg,"[20,22)",13228,0.9231478876911926,0.7785102175346078,0.08928031448442697,1517,0.9229433049157011,0.7771548703573932,0.08383731478681584,1427,0.9416052115601995,0.8423905489923558,0.4581947384336256,7195,19
RandomForest,"[14,17)",97,0.9557467556634089,1.0,0.15463917525773196,15,0.9514561838637869,1.0,0.18556701030927836,18,0.9644891095086181,1.0,0.18556701030927836,18,19
RandomForest,"[17,18)",308,0.9641169753786087,0.9830508474576272,0.564935064935065,177,0.9666630464614433,0.9834254143646409,0.577922077922078,181,0.9721923596676687,0.9791666666666666,0.6103896103896104,192,19
RandomForest,"[18,19)",1620,0.9829125833807945,0.9943910256410257,0.7660493827160494,1248,0.9839810792201339,0.9936658749010293,0.7746913580246914,1263,0.9867255322144289,0.9884348496530455,0.7913580246913581,1297,19
RandomForest,"[19,20)",3935,0.9847601474379283,0.9897520661157024,0.760864040660737,3025,0.9858754927935381,0.9888670595939751,0.7674714104193139,3054,0.9883725886913078,0.9872163630552893,0.7850063532401524,3129,19
RandomForest,"[20,22)",13228,0.9635703241424757,0.963879128601546,0.5184457211974599,7115,0.9648989065413629,0.9617774176121016,0.5383277895373451,7404,0.9688890118086672,0.9543266263424268,0.5844420925309949,8101,19
HistGB,"[14,17)",97,0.9544600107299114,0.9090909090909091,0.30927835051546393,33,0.9544064809529025,0.9090909090909091,0.30927835051546393,33,0.9606728108834158,0.9090909090909091,0.30927835051546393,33,19
HistGB,"[17,18)",308,0.9654974756625528,0.9904761904761905,0.6753246753246753,210,0.9654543919805926,0.9904761904761905,0.6753246753246753,210,0.969544252200922,0.9812206572769953,0.6785714285714286,213,19
HistGB,"[18,19)",1620,0.9854519242962517,0.9908045977011494,0.7981481481481482,1305,0.9854308511967069,0.9908045977011494,0.7981481481481482,1305,0.986960416082296,0.9886277482941622,0.8049382716049382,1319,19
HistGB,"[19,20)",3935,0.983106930080305,0.9905568218821231,0.7730622617534942,3071,0.9830832407023756,0.9905568218821231,0.7730622617534942,3071,0.9849554989556797,0.9896907216494846,0.7806861499364676,3104,19
HistGB,"[20,22)",13228,0.9638338969457069,0.9621742785093864,0.5192016933776837,7138,0.9638177157852805,0.9621583742116327,0.5189749017236166,7135,0.9656831740043462,0.959254327563249,0.5446023586332023,7510,19
MLP,"[14,17)",97,0.9620080884024299,1.0,0.27835051546391754,27,0.9679714419730595,1.0,0.2268041237113402,22,0.9673013899500987,1.0,0.2268041237113402,22,19
MLP,"[17,18)",308,0.9758014369170377,0.9803921568627451,0.6493506493506493,204,0.9738428081307732,0.9897435897435898,0.6266233766233766,195,0.9732733199216861,0.9897435897435898,0.6266233766233766,195,19
MLP,"[18,19)",1620,0.9871199708643154,0.9917849141150112,0.8197530864197531,1339,0.984832136068881,0.9916855631141346,0.8098765432098766,1323,0.984465509956745,0.9916855631141346,0.8098765432098766,1323,19
MLP,"[19,20)",3935,0.9871986790817991,0.9864949748743719,0.7982210927573062,3184,0.985114453223015,0.9898154042011458,0.7903430749682337,3142,0.9848187442265846,0.9901273885350318,0.7900889453621347,3140,19
MLP,"[20,22)",13228,0.9667200600016473,0.9582572397599791,0.5553371635923798,7666,0.9639875665699554,0.9618055555555556,0.5235107348049591,7200,0.9636883646478126,0.9619793122728544,0.520260054429997,7154,19
