bestObjID,class,z,dered_u,dered_g,dered_r,dered_i,dered_z,modelMagErr_u,modelMagErr_g,modelMagErr_r,modelMagErr_i,modelMagErr_z
1237666406848070175,STAR,-0.0005660757,23.35449,21.44163,21.21063,21.04029,20.95846,0.5709234,0.0488292,0.05155158,0.06640083,0.2301205
1237664291000811738,GALAXY,0.2510221,21.68846,19.68354,18.2133,17.67401,17.40694,0.2890003,0.02339188,0.01110795,0.009467832,0.02496057
1237667782815056886,GALAXY,0.6807278,22.9363,22.59695,20.85877,19.62202,19.02735,0.5800313,0.1935028,0.06074803,0.02992459,0.07388848
1237680071250870399,GALAXY,0.1624927,20.9191,18.43628,17.22482,16.73076,16.35768,0.2360239,0.01281855,0.007117117,0.00676482,0.013179
1237662302447337977,GALAXY,0.03227037,19.3161,18.12939,17.72928,17.50957,17.47714,0.07035962,0.01244155,0.01181596,0.01482658,0.05390587
1237654398617321572,GALAXY,0.4895472,24.29166,22.03452,20.19662,19.35773,18.82901,1.503608,0.1488096,0.04453436,0.03347113,0.07463464
1237667730199085250,GALAXY,0.5056695,23.71889,22.2195,20.35076,19.43201,19.06467,1.096557,0.1599998,0.04285713,0.02680786,0.06258346
1237663784202797240,STAR,-0.0001590715,19.62586,16.98361,15.70745,15.15154,14.86453,0.0313025,0.005063649,0.005243459,0.005210814,0.005586492
1237664669514531051,STAR,-9.721389e-05,21.10696,20.11064,19.86476,19.77159,19.78195,0.07413064,0.01708036,0.01761981,0.02357472,0.07212562
1237663530252173721,GALAXY,0.1326995,20.39217,18.48066,17.43277,16.97599,16.66073,0.1222288,0.01123848,0.007518105,0.007227222,0.01834907
1237663458313897328,GALAXY,0.3879026,23.58598,22.47553,20.48967,19.9598,19.50884,0.8394293,0.1766324,0.0417918,0.03865678,0.0867008
1237678622239359125,GALAXY,0.1333453,19.90647,17.93932,16.88917,16.45492,16.08701,0.08432012,0.008393826,0.005356517,0.005125136,0.01028583
1237679460286398739,STAR,-0.0001924293,21.26058,19.94605,19.39083,19.2569,19.03139,0.1454107,0.01997535,0.01574651,0.01687877,0.04369739
1237661069235716290,GALAXY,0.4135903,24.34948,21.49414,19.82104,19.0255,18.75335,1.485911,0.0895714,0.03101746,0.02239668,0.06738087
1237658424097898634,STAR,0.0005491073,18.31058,17.2777,16.88255,16.7341,16.69272,0.01616927,0.00458397,0.004690481,0.005081861,0.009630181
1237652935647625540,STAR,9.502939e-05,19.9367,18.42788,17.81662,17.59518,18.87803,0.04732046,0.00831658,0.007091399,0.007612099,0.04678622
1237662696497414358,GALAXY,0.0769057,19.19513,17.79635,17.1517,16.7789,16.56247,0.0504731,0.007979199,0.007774717,0.008798636,0.01937836
1237657584949395634,GALAXY,0.07941263,19.55486,18.16773,17.55165,17.14119,16.88795,0.07162286,0.01061838,0.008559893,0.008517561,0.0219927
1237671123231310020,GALAXY,0.04169597,19.0681,17.39395,16.60376,16.2444,15.96582,0.04300673,0.006266441,0.004702481,0.004624432,0.009260757
1237659330311618928,STAR,3.098982e-05,21.42056,20.35637,20.27451,20.26956,20.13361,0.169504,0.02315491,0.0291028,0.03697422,0.1457517
1237679477473805088,QSO,4.110369,26.02395,21.51891,20.45811,20.14297,20.5022,0.4448645,0.05920383,0.03240205,0.03287843,0.1686931
1237651251502252191,GALAXY,0.08437092,18.56817,17.26182,16.63983,16.2297,15.98389,0.03067762,0.005306949,0.004647456,0.004438867,0.01139829
1237660637061251459,GALAXY,0.5162371,25.33714,22.3533,20.67675,19.69121,19.19213,1.235645,0.1646485,0.05940485,0.03818702,0.08851615
1237663917337674107,QSO,1.473407,19.45752,19.40259,19.27653,19.11927,19.0821,0.03423607,0.01257738,0.013722,0.01563309,0.05783204
1237671956445200542,GALAXY,0.07875848,19.24327,18.17021,17.71678,17.43246,17.29879,0.05313599,0.009596406,0.00984937,0.01151461,0.04195514
1237655495980286480,GALAXY,0.3582444,22.93052,20.94974,19.21711,18.53822,18.0215,0.9517353,0.0698776,0.02323638,0.02007238,0.04670303
1237662663216136453,STAR,-0.000663609,20.24778,19.2537,18.80686,18.65045,18.66456,0.05187927,0.01081996,0.01008115,0.01195521,0.04781779
1237648720693100902,GALAXY,0.5865623,23.8491,22.55851,20.90061,19.94318,19.44367,0.9928154,0.1921231,0.06712692,0.04178451,0.09899268
1237663783136068746,GALAXY,0.9811918,22.12527,22.05243,21.10302,20.48777,21.2589,0.5743287,0.2453075,0.1524598,0.1301436,0.8340234
1237666340799840840,GALAXY,0.3220195,21.9926,20.51848,19.29402,18.77156,18.40847,0.3343944,0.03484016,0.01903882,0.01851238,0.04525486
1237678906245972447,GALAXY,0.4730252,23.8339,21.80565,20.01382,19.14766,18.52938,2.437668,0.2205263,0.06652091,0.04064655,0.08918478
1237656239008383781,GALAXY,0.786599,22.37678,22.25603,21.88552,21.44988,20.9324,0.4143052,0.1448596,0.1459039,0.1397417,0.3204847
1237667227681948720,GALAXY,0.629449,24.87815,24.15576,21.68131,20.55477,19.85771,1.100701,0.6696903,0.1271116,0.07945266,0.165656
1237667210518069916,GALAXY,0.8212523,22.09424,21.86278,21.60683,20.70045,20.22818,0.2806727,0.1039852,0.1405327,0.1080311,0.2666455
1237657590854844785,GALAXY,0.6849224,23.40292,21.92879,21.31153,20.30381,19.64162,1.108056,0.1115313,0.1131166,0.06666926,0.1570759
1237680529208836424,GALAXY,0.1532439,20.23144,18.31904,17.15505,16.70143,16.30637,0.1292928,0.01138919,0.007111699,0.006978508,0.01498466
1237680066953871620,STAR,-0.001076721,19.6987,18.86152,18.57873,18.48853,18.43046,0.05181237,0.01102923,0.01040435,0.01281446,0.03346772
1237659118791688704,QSO,3.763299,25.71269,20.82478,19.60107,19.57587,19.51753,0.727689,0.03504341,0.01950779,0.0254786,0.08324612
1237661361304896186,GALAXY,0.3365948,23.21639,21.08124,19.3197,18.70812,18.28975,0.7064978,0.05282028,0.01870737,0.01689915,0.04235969
1237648720171106322,GALAXY,0.6069087,24.55738,21.71131,20.19152,19.18169,18.59769,1.381451,0.1202742,0.04357883,0.02701253,0.05786919
1237680250561298804,STAR,-0.0002806352,19.47707,18.56127,18.2722,18.1814,18.16681,0.0337243,0.008115384,0.008295512,0.009733049,0.02628467
1237658205053190225,STAR,-2.426771e-05,21.22691,19.58262,18.96125,18.69869,18.59754,0.09437899,0.01311066,0.01092391,0.0117539,0.03204159
1237671123769163879,STAR,6.304806e-05,24.92048,22.04911,20.02481,18.87747,18.18924,1.138135,0.1562279,0.04093542,0.02062571,0.03801965
1237655464316371104,GALAXY,0.1542606,19.50756,17.53873,16.36483,15.90504,15.58007,0.06575805,0.006649668,0.004121321,0.003985605,0.009224977
1237661433777422771,GALAXY,0.3156967,23.57308,21.87836,20.11424,19.56691,19.18983,0.7220889,0.08178928,0.02949945,0.02681646,0.06593705
1237662964931232152,STAR,-0.0003808499,18.68821,17.23163,16.71503,16.54423,16.46961,0.02718916,0.005702048,0.004975964,0.005347375,0.009412062
1237663305841443126,STAR,-0.0001310921,18.93066,17.39707,16.87053,16.70182,16.63772,0.02529388,0.005221656,0.004483512,0.004742748,0.009756411
1237671073297138054,STAR,-0.0002433123,19.55398,17.98898,17.38308,17.11563,16.96884,0.04517905,0.006677548,0.005502325,0.005993699,0.01276742
1237664879412904570,GALAXY,0.4499402,22.56762,21.40129,19.79658,18.99774,18.61685,0.7232834,0.09559946,0.03426843,0.02315651,0.06538728
1237658203444281551,STAR,1.546889e-05,24.58971,20.74601,19.24585,18.69018,18.35888,0.6700309,0.02856723,0.01235003,0.01144853,0.0260215
1237657630066016389,STAR,-8.369266e-05,21.81968,19.35878,18.27467,17.8195,17.57035,0.1526881,0.01171274,0.00765139,0.007673279,0.01454651
1237680285994189165,GALAXY,0.187763,21.39055,18.78718,17.45948,16.94419,16.5692,0.5195405,0.01738369,0.009025575,0.008328315,0.01871746
1237651538704990401,GALAXY,0.1341258,20.69123,18.71945,17.57885,17.07228,16.6807,0.1317923,0.01252095,0.007615393,0.007018718,0.01658583
1237661966361690327,STAR,-0.0001343609,21.64076,20.40354,20.26332,20.12709,20.02402,0.1915364,0.02738691,0.0325201,0.03666867,0.1180637
1237670449980506420,GALAXY,0.138596,20.29645,18.33356,17.20576,16.74368,16.3937,0.1135884,0.009450551,0.006099206,0.005549182,0.01295016
1237661873489641771,QSO,1.421822,22.2507,21.95044,21.78331,21.7981,22.30022,0.1975637,0.05766976,0.07645246,0.11496,0.4448048
1237651192424759344,STAR,0.0002033801,18.76049,16.35027,15.31647,14.93703,14.73767,0.02098698,0.00389135,0.003502974,0.003711876,0.004517826
1237659131668660899,GALAXY,0.5241154,21.9999,21.19336,19.81108,19.07629,18.8099,0.4247015,0.0842884,0.0391332,0.02983205,0.08000379
1237652598489743820,GALAXY,0.07318995,17.64211,15.78674,15.02831,14.66313,14.38066,0.02203947,0.003362483,0.002667192,0.002661107,0.004808886
1237662226203803762,GALAXY,0.09527767,20.02312,18.36485,17.45293,17.01194,16.70609,0.08300225,0.009266917,0.006448389,0.006210276,0.01341479
1237661150304600068,STAR,3.314273e-05,19.09118,18.08017,17.72122,17.60318,17.57216,0.02150328,0.005942859,0.005813612,0.006648479,0.01595215
1237657858210988173,GALAXY,0.08689963,19.03068,17.57459,16.84352,16.46699,16.2354,0.04140176,0.006172871,0.004961664,0.005286784,0.01334737
1237665025448542396,STAR,-0.0005708971,20.88768,19.55852,19.70625,19.79547,19.98254,0.07586486,0.01216579,0.01614043,0.0210808,0.09383075
1237661068165054921,GALAXY,0.2635497,21.94517,19.85865,18.3728,17.78938,17.43021,0.3223138,0.02749245,0.01074225,0.009720569,0.02321216
1237653589021426263,GALAXY,0.5616306,22.54345,22.17467,20.61418,19.98702,19.51245,0.5476629,0.1623627,0.05720331,0.05191158,0.1283671
1237654880197869881,GALAXY,0.5010902,25.20237,21.98142,20.15374,19.15169,18.69286,1.543444,0.150192,0.0425536,0.02561494,0.06120711
1237678858465837667,GALAXY,0.5104247,22.47636,21.57075,19.60328,18.65533,18.20151,0.8882011,0.1285267,0.03959037,0.02487898,0.05698991
1237679460822876888,GALAXY,0.5675325,23.48166,23.45882,21.87577,20.64893,19.94278,1.142276,0.4179348,0.1518521,0.0619005,0.1301004
1237659119335637152,STAR,2.904327e-05,17.85904,17.60213,17.89026,18.17056,18.44571,0.01342801,0.005305888,0.006761387,0.009355823,0.03600492
1237669771375673784,GALAXY,0.6496912,23.64579,22.67639,21.24013,20.0567,19.86399,1.217985,0.1994696,0.0838669,0.04253015,0.1543703
1237672763365261658,GALAXY,0.1378389,20.56893,18.6607,17.59024,17.13089,16.74235,0.1366283,0.01279528,0.007354815,0.007049777,0.01548591
1237667538010439822,STAR,6.383676e-05,21.63275,19.22701,17.8176,16.63436,15.98689,0.1293973,0.0102528,0.006486353,0.005185456,0.007046815
1237666229111491235,STAR,-0.0002989139,18.70907,17.19821,16.63272,16.43511,16.31361,0.02853556,0.005192332,0.004440311,0.00452696,0.008626208
1237672837983174998,GALAXY,0.5344925,23.68546,21.85069,20.41199,19.54151,18.95926,2.023197,0.1565876,0.0663306,0.04421633,0.1064008
1237664819284672634,GALAXY,0.3520845,23.75713,20.58212,18.88821,18.29014,17.82049,1.297322,0.03859232,0.01473553,0.01232242,0.0310872
1237661354317250901,STAR,2.372656e-05,22.90859,20.92603,19.80349,19.42755,19.08004,0.5573316,0.03697751,0.02066119,0.02106546,0.05116489
1237662498928722670,GALAXY,0.6617587,21.71997,21.47269,20.55636,19.77635,19.29681,0.2071127,0.07027483,0.04752294,0.03575365,0.09336137
1237661137962926567,GALAXY,0.496407,24.32759,21.07899,19.40646,18.57343,18.2019,1.64526,0.07064298,0.0258842,0.01980331,0.0538893
1237662525765779772,QSO,2.287738,21.99861,21.03674,21.03514,20.7809,20.35187,0.2484504,0.04639619,0.05994276,0.07656361,0.2036343
1237659163353023107,GALAXY,1.446853,21.67215,21.7684,21.79952,21.85882,21.4479,0.1174051,0.05785722,0.08267802,0.1400529,0.3177392
1237667910590333034,GALAXY,0.06631444,19.81956,18.07981,17.2114,16.84755,16.54667,0.05287677,0.007078449,0.005418811,0.005470085,0.01095287
1237679997155607255,GALAXY,0.4653966,22.74409,22.09268,20.39901,19.60888,19.26388,0.7840161,0.1564135,0.04881767,0.03414848,0.09602608
1237667293732340028,QSO,2.501949,21.72016,21.23504,21.14382,21.14516,20.55274,0.1230177,0.03928166,0.04762634,0.06917033,0.1404475
1237667142866764015,QSO,2.402147,21.49782,20.88984,20.97009,20.76986,20.16619,0.1309891,0.03258621,0.0489342,0.05813591,0.1457643
1237667252944634391,GALAXY,0.4429208,24.19084,21.46978,19.92276,19.11779,18.64805,1.363527,0.09516759,0.0349512,0.0268025,0.05956107
1237668299286839312,STAR,0.0001788223,17.22664,15.69388,15.08035,14.87953,14.78781,0.01034726,0.003929639,0.00366238,0.003691394,0.004838318
1237666185108718452,GALAXY,0.4855863,25.50917,21.56163,20.0776,19.24674,18.76753,0.8402516,0.09600927,0.03838474,0.02846886,0.08095688
1237659149386973851,STAR,-0.0005254167,22.44827,21.1486,20.70771,20.60075,20.38175,0.3005655,0.04209626,0.0423792,0.05848803,0.2007088
1237679542973235478,GALAXY,0.4878057,24.7603,21.49763,20.45853,19.77016,19.6332,1.998927,0.1333365,0.07137161,0.05628588,0.1395661
1237659119860449556,GALAXY,0.6574294,23.20144,22.40642,20.74196,19.85412,19.73641,0.6106712,0.1177929,0.04963747,0.03301135,0.114485
1237668270841594740,QSO,1.615621,22.27572,21.61951,21.59189,21.59228,21.37529,0.2477331,0.06697976,0.08141295,0.1280591,0.3832497
1237671940871815462,QSO,0.9841363,20.05152,19.49133,19.19496,19.15407,18.97556,0.0401483,0.01216857,0.01227065,0.01581183,0.0385002
1237671128051220752,GALAXY,0.1043783,20.0365,18.00744,17.09148,16.66783,16.26282,0.05938872,0.006829689,0.004932996,0.004715313,0.009136175
1237662501073715281,GALAXY,0.1000395,19.48246,18.06938,17.37545,16.97943,16.72381,0.05548016,0.007388708,0.006174563,0.006662715,0.01713735
1237661387067163205,QSO,2.255865,22.53744,21.63215,21.48326,21.33067,20.74042,0.2775753,0.06072124,0.07056076,0.08459702,0.1955408
1237661874026775304,GALAXY,0.6712189,23.53158,22.30386,21.00239,20.05852,19.65623,0.806932,0.1160814,0.0618982,0.03963413,0.09695544
1237662336791413056,QSO,1.257578,19.1307,18.99207,18.75955,18.78006,18.99137,0.0243313,0.009310786,0.009676046,0.01229426,0.0490178
1237667252928708771,STAR,-0.0007172625,18.85642,18.06634,17.82773,17.73436,17.7352,0.0197812,0.006432318,0.00665635,0.007339686,0.01668832
1237657613413974645,GALAXY,0.6500107,24.12532,25.14679,21.759,20.72589,19.91035,1.420964,0.8791405,0.1326517,0.08657458,0.1657528
1237668584893644886,STAR,0.0005250216,18.83818,17.63791,17.17623,16.98366,16.91743,0.0241458,0.00590791,0.005777318,0.006203696,0.01119764
1237661150308139328,QSO,2.46881,21.81703,21.0199,20.8844,20.85635,20.82186,0.1402245,0.03121106,0.04375936,0.06246954,0.2077876
1237658493876830548,GALAXY,0.5013524,26.2779,21.34297,19.91119,18.92676,18.56337,0.7095056,0.09539401,0.03909571,0.02620887,0.06835719
1237660412646130427,GALAXY,0.5571824,22.22287,22.49074,21.16142,20.16497,19.99821,0.3071242,0.1559736,0.09328922,0.06120439,0.2192317
1237665128556986605,GALAXY,0.0624334,18.65068,16.79477,15.89248,15.47988,15.15448,0.03242029,0.004043667,0.00335567,0.003336105,0.006771327
1237680249485721812,QSO,2.434062,21.70797,20.62297,20.6375,20.61742,20.36005,0.2206486,0.03304291,0.049144,0.06316745,0.1755446
1237658192686678523,STAR,-3.811018e-05,24.09942,22.86207,21.50008,19.88736,19.0254,0.8056743,0.2050807,0.06892024,0.02847271,0.04422288
1237665129628368995,GALAXY,0.1160887,20.03337,18.60208,17.83941,17.36367,17.14972,0.06942168,0.008853634,0.007148908,0.007338202,0.01925566
1237648702966792303,GALAXY,0.192828,20.62895,18.7278,17.52506,17.03028,16.6772,0.1172152,0.01304435,0.007043439,0.006728037,0.01485786
1237667448340414589,GALAXY,0.0237787,17.7647,16.6027,16.15473,15.90438,15.8161,0.03584858,0.006874797,0.006701109,0.00869401,0.02669249
1237660344473092590,GALAXY,0.4996523,22.85548,22.67797,21.14968,20.26685,19.70546,0.4053525,0.1689974,0.07651476,0.05760869,0.1297894
1237654604783092254,GALAXY,0.06884827,22.28522,20.81991,20.6727,20.30031,20.23859,0.3073032,0.03866319,0.04827888,0.04340403,0.1284838
1237662236932636909,GALAXY,0.5333318,24.25462,23.99563,21.33336,19.8633,19.35744,1.522016,0.7019243,0.1052893,0.0394305,0.08684921
1237661434311803106,QSO,1.331035,20.70732,20.71355,20.42725,20.41272,20.67365,0.05914429,0.02419799,0.02599573,0.03427053,0.1584972
1237669766009389293,QSO,2.223242,20.46048,20.01851,20.07929,20.02675,19.88665,0.06045201,0.01892996,0.02141701,0.02806567,0.07982159
1237654880740114614,GALAXY,0.1577078,20.54062,18.6263,17.5273,17.06073,16.6878,0.1315416,0.01195912,0.007299858,0.006793282,0.01710516
1237671991342596405,STAR,0.0004188439,21.86431,20.87208,20.6802,20.53909,20.39442,0.1754643,0.03369769,0.03877057,0.04625467,0.1494877
1237658312402928062,GALAXY,0.5296668,23.14868,21.69099,20.44901,19.47419,18.89338,0.8967889,0.1024351,0.04958265,0.03224567,0.08603846
1237667912746991688,STAR,-0.0003322609,20.37965,19.44395,19.46216,19.54412,19.48059,0.05964206,0.0117593,0.01453481,0.01911026,0.05717506
1237671142019629888,GALAXY,0.5658955,23.10205,22.09187,20.36889,19.28756,18.81577,0.4874501,0.1125874,0.03775221,0.02244196,0.04235212
1237678581430092484,QSO,1.827835,21.82744,21.35681,21.53452,21.55104,21.92565,0.3023235,0.05677988,0.09374209,0.147659,0.6221595
1237680099697885554,GALAXY,0.8054275,23.6847,21.34746,21.0281,20.05845,19.84063,1.975515,0.1151478,0.1327542,0.0864258,0.2460342
1237657595682751263,GALAXY,0.4902162,25.2176,21.67034,20.19418,19.3144,18.7987,1.244331,0.1252828,0.0559464,0.03728157,0.07131922
1237669766547702062,GALAXY,0.5287585,23.73844,21.30243,19.42512,18.58691,18.19361,3.651337,0.201694,0.06293172,0.03691524,0.1014779
1237680333247283420,GALAXY,0.1421539,21.00226,19.01812,17.98629,17.5735,17.26126,0.1785431,0.01463568,0.008953241,0.008993666,0.01856502
1237666183498171028,QSO,0.5131968,21.86717,21.44311,20.93008,20.53744,20.00767,0.1872784,0.0578353,0.04714191,0.05148825,0.1212649
1237657771785191575,GALAXY,0.5526159,25.15484,22.06977,20.73763,19.80039,19.10306,1.840664,0.16771,0.07434592,0.05461271,0.106651
1237666215681917581,GALAXY,0.7108386,21.85,21.48781,20.71064,19.81814,19.21666,0.2675343,0.0900715,0.06616609,0.04510429,0.08563865
1237657630045242289,GALAXY,0.5497154,24.85552,22.64964,21.05517,20.03159,19.51576,1.014423,0.1895028,0.06577275,0.0382516,0.07168924
1237678894430683441,QSO,2.59052,21.22971,20.39788,20.4081,20.40579,19.99788,0.1303996,0.02584413,0.03511225,0.05005307,0.1666035
1237667783353630819,GALAXY,0.07333363,18.23038,16.29238,15.34232,14.90471,14.59031,0.0294381,0.003988586,0.00296196,0.002955234,0.005051469
1237652943703179509,STAR,-0.0002233401,20.51994,19.44861,19.00444,18.83653,18.72597,0.07267448,0.01398968,0.01246043,0.01399253,0.04424279
1237664836999512298,GALAXY,0.09126076,18.56472,17.29991,16.83148,16.5496,16.43125,0.04216448,0.00928932,0.006982634,0.009067095,0.01938654
1237651273489908273,STAR,-0.0001923005,21.72898,20.90239,20.30866,20.13773,19.89097,0.1598647,0.04237014,0.0324732,0.03702888,0.09641515
1237656495639888598,GALAXY,0.7278801,22.44378,22.17838,20.83628,19.6283,19.07771,0.5148152,0.1475479,0.0678367,0.0345624,0.08675754
1237661872416752189,GALAXY,0.4091799,22.3806,21.27586,19.4902,18.83945,18.39046,0.3546403,0.05721435,0.020479,0.01690612,0.0412322
1237673328149594409,STAR,0.0001706249,19.23185,17.54223,16.98202,16.81347,16.71475,0.05422527,0.007539283,0.006019027,0.006531979,0.01086781
1237678892816467085,GALAXY,0.4708703,26.14575,22.51618,20.78577,19.9527,19.3722,0.7104583,0.2161171,0.08452219,0.05954704,0.1279746
1237667108501324116,GALAXY,0.2931751,22.01602,19.95944,18.32068,17.74453,17.38878,0.3203285,0.02525027,0.01110526,0.01000338,0.0262255
1237663478723576750,GALAXY,0.6614065,23.34415,22.78605,20.79718,19.58544,19.13086,1.37145,0.4085705,0.09574868,0.04674657,0.1215417
1237679580010775187,GALAXY,0.6322455,22.46888,24.30503,21.69904,20.64353,19.78136,0.7919633,0.9951295,0.1777493,0.1001543,0.1683805
1237664877807075973,GALAXY,0.8247691,23.60539,22.96103,21.99765,21.22307,21.39573,0.8045846,0.201826,0.1260986,0.08013576,0.3214256
1237664285635707224,GALAXY,0.1170447,20.25066,18.33805,17.29868,16.85712,16.47021,0.0802157,0.009190192,0.005979326,0.005482471,0.009989773
1237666300016787579,STAR,1.129954e-05,21.01731,19.42103,18.85914,18.66007,18.53261,0.1097934,0.01421973,0.01137035,0.01195177,0.02861411
1237665103827632930,GALAXY,0.5815743,27.32513,21.9819,20.27073,19.17186,18.59708,0.3137472,0.167702,0.05170717,0.0304378,0.06526253
1237663916275138772,GALAXY,0.03583756,19.13988,17.21064,16.46434,16.12342,15.87254,0.08414258,0.007005345,0.005594979,0.005935319,0.01443804
1237667782295093294,GALAXY,0.09025081,19.79961,18.17991,17.33142,16.80065,16.51894,0.05952971,0.008598268,0.005949713,0.005432191,0.01266849
1237662266465846519,GALAXY,0.578465,22.44344,21.77813,20.46512,19.63493,19.23429,0.4481194,0.1206062,0.05320648,0.04065312,0.1076684
1237659330320007654,STAR,-0.0006985407,24.66895,21.24927,20.95498,20.74619,20.9488,1.268204,0.05332949,0.0561715,0.06244152,0.3279053
1237655176009679014,STAR,0.000694606,24.65511,21.26409,20.8239,20.83266,21.30733,1.367761,0.06322818,0.05837731,0.07253476,0.3630651
1237661381695111751,QSO,1.812879,20.15636,20.02607,20.00987,19.83607,19.86535,0.0396603,0.01713349,0.02109601,0.02220572,0.06513122
1237665569827651772,GALAXY,0.1283426,18.47917,17.29391,16.6958,16.35299,16.15598,0.04710092,0.006429081,0.005345609,0.005517893,0.01415328
1237667912209727576,STAR,6.891641e-05,18.55379,17.61352,17.36423,17.27673,17.24071,0.01738484,0.005493222,0.005631235,0.006454906,0.01164444
1237653472514408826,GALAXY,0.5767937,22.64569,22.91144,21.01832,19.83823,19.21994,0.5250915,0.3155975,0.08275759,0.04702626,0.09762958
1237651272420622617,STAR,-0.0001940677,21.61873,19.20745,18.23616,17.90619,17.75406,0.1543625,0.01258721,0.008189231,0.008086604,0.02050249
1237668349754213102,GALAXY,0.414975,25.42771,20.78709,19.02076,18.32239,17.98154,1.683702,0.06187808,0.02150371,0.01657565,0.04598378
1237658300074099274,GALAXY,0.6208442,22.7148,21.84331,20.44364,19.59784,19.09079,0.6094941,0.1256131,0.05026564,0.03775972,0.07640893
1237678623316836436,QSO,2.713824,20.76436,19.94183,19.85261,19.77752,19.88544,0.09063339,0.01795009,0.02186002,0.02369617,0.1078147
1237663783665860659,STAR,0.0007996626,19.25194,16.95049,16.08807,15.75585,15.57163,0.02389837,0.00489001,0.005453146,0.005883313,0.00655694
1237659895637475720,GALAXY,0.06248744,18.73447,16.81628,15.93611,15.53678,15.20644,0.0286667,0.004214787,0.003353052,0.003345456,0.006089314
1237659324959162469,STAR,-0.000295466,18.79201,17.45815,16.95957,16.77192,16.67911,0.02208615,0.005313379,0.00537355,0.005778324,0.009801426
1237665024368574682,QSO,1.566025,21.00661,20.79543,20.73718,20.43481,20.4737,0.08306915,0.02877473,0.03688434,0.03957567,0.1273111
1237661465446318189,GALAXY,0.04172336,19.19148,18.0014,17.51588,17.18423,17.05604,0.05324081,0.01076908,0.008218247,0.009499298,0.02590145
1237662301372744286,STAR,-0.0001597202,25.88586,22.71863,21.31169,20.25317,19.56936,0.4502244,0.1313682,0.0572808,0.03309043,0.06383955
1237679476933329571,GALAXY,0.334154,22.84342,20.0786,18.47499,17.8969,17.44769,1.220015,0.04279922,0.01580298,0.01405505,0.03292723
1237671990263022144,GALAXY,0.4270525,24.57917,21.69072,20.07673,19.31718,19.06675,1.049129,0.0846084,0.02943819,0.02204951,0.06233719
1237679323396374884,GALAXY,1.05498,24.92266,22.49159,21.95867,21.5876,20.67847,1.841668,0.1633831,0.1541026,0.1674011,0.2994968
1237679322324730500,GALAXY,0.7713839,23.44565,21.77564,21.2624,21.10395,20.32418,1.220892,0.0885608,0.07385746,0.09424957,0.1619493
1237667255080059292,GALAXY,0.9584131,24.32441,23.41604,21.72315,23.67767,22.59275,1.631528,0.5358052,0.1695489,1.216927,1.2981
1237678881545061020,QSO,1.579462,21.96374,21.59123,21.21799,20.86147,20.31873,0.2690268,0.06866919,0.06900822,0.0726736,0.1471727
1237663716555554998,STAR,-1.772655e-05,20.99271,18.33108,17.14383,16.68078,16.45646,0.08678415,0.007292182,0.005464705,0.005169757,0.008210172
1237659144559264174,GALAXY,0.360092,22.07442,20.54667,18.8122,18.22865,17.85169,0.3853179,0.04144061,0.01660536,0.01565319,0.03829267
1237667206211305671,STAR,2.892422e-06,17.77015,16.74187,16.45995,16.38214,16.39434,0.01497178,0.004744099,0.004813399,0.005262808,0.0084687
1237661069797883997,STAR,2.950152e-05,21.12081,18.56812,17.05963,15.91355,15.25245,0.08544177,0.007618228,0.004916681,0.004055202,0.00543553
1237651272420295158,QSO,1.899272,22.05471,21.5859,21.51451,20.95377,21.11753,0.2138608,0.06739467,0.0868244,0.06962518,0.2762931
1237665126948733112,GALAXY,0.06004082,19.36024,17.64348,16.90636,16.5577,16.26356,0.04589571,0.006344907,0.005039349,0.005242029,0.01176233
1237661382232440987,STAR,0.0004610307,19.55951,18.38804,18.52341,18.6502,18.8064,0.0281875,0.007343415,0.008617576,0.01052774,0.02808444
1237655177083552394,GALAXY,0.4938222,22.58171,22.08972,20.2345,19.39774,18.82562,0.6379516,0.1600775,0.04566354,0.02804041,0.07296395
1237661137960632619,GALAXY,0.1294226,19.70411,18.44865,17.65859,17.28364,17.02662,0.05305323,0.00915412,0.007040747,0.007475649,0.02108022
1237661210970226821,STAR,-8.924745e-05,20.44075,19.31502,18.89522,18.74545,18.5721,0.04455895,0.01041925,0.009670858,0.01084505,0.02823017
1237651822180566080,GALAXY,0.699605,23.98868,22.68861,20.95655,19.95143,19.45396,1.458572,0.2322885,0.07292566,0.0487435,0.1179207
1237661066023731889,QSO,2.646746,23.33654,21.63601,21.42605,21.41413,20.7296,0.5121253,0.06280373,0.06678383,0.09126009,0.1812186
1237657628446491459,GALAXY,0.5193602,23.96781,23.02222,21.5413,20.53077,19.77185,0.885316,0.1976848,0.07860298,0.05104833,0.09513571
1237668502759801343,QSO,1.721157,21.30635,21.32421,21.28552,21.01595,20.87565,0.1098338,0.04457238,0.05149911,0.06231114,0.2238486
1237651800699306587,STAR,0.0001188112,24.80728,22.46732,20.9936,19.87166,19.24708,1.063146,0.1690731,0.06460376,0.03879172,0.08376783
1237651495222247884,QSO,3.041504,23.77093,20.82623,20.48756,20.40722,20.63342,0.9880645,0.04024871,0.04675657,0.05177476,0.2151599
1237660344474796601,GALAXY,0.5084487,22.99163,22.10884,20.55812,19.55174,19.02638,0.6390011,0.1411303,0.05868975,0.04210558,0.0881275
1237660583371931883,GALAXY,0.05166416,18.60011,17.24107,16.65467,16.34993,16.13013,0.02475777,0.0049536,0.004392263,0.004688225,0.01050931
1237667142322226090,STAR,0.0003507274,24.62089,21.45618,20.86852,20.92582,20.7469,1.012151,0.0637719,0.04947578,0.07239442,0.2283286
1237664668425978454,GALAXY,0.8002334,22.39189,22.10987,21.34789,20.69285,20.57239,0.4695736,0.1593708,0.1187209,0.1028838,0.3523322
1237662302436589757,GALAXY,0.08382542,18.92645,17.59571,17.00104,16.65819,16.39036,0.05859553,0.008231742,0.007397358,0.007429365,0.02366828
1237657189840782106,STAR,-4.686023e-05,25.47995,23.46566,21.91603,20.64958,19.83068,0.6440503,0.3237913,0.1070168,0.05623041,0.1015602
1237668310559359269,GALAXY,0.1575923,19.2758,17.98766,17.24174,16.80367,16.52452,0.09133509,0.01305891,0.009653823,0.009501368,0.02537997
1237662225147298367,GALAXY,0.8050525,21.81025,21.42559,20.7701,19.71114,19.15784,0.4437167,0.1216635,0.1048268,0.06119426,0.1650502
1237657118946820453,QSO,1.490575,20.51036,20.31046,20.06821,19.84558,19.84709,0.06169468,0.02201228,0.0226545,0.02804452,0.08360533
1237657630595482477,GALAXY,0.6497285,22.9931,22.87741,20.84472,19.6031,19.03779,0.7727345,0.2774678,0.0729446,0.03928606,0.0835091
1237665367431381227,QSO,2.656391,22.20779,21.57116,21.49239,21.50733,21.22882,0.2039328,0.0583246,0.06796376,0.1040179,0.3144577
1237657593539854376,STAR,0.0004419744,17.66911,16.69883,16.39407,16.25771,16.20751,0.01049753,0.004928152,0.004674086,0.004683136,0.007446864
1237669518516355322,QSO,1.599173,21.47812,21.21103,20.99586,20.83082,20.80146,0.1408995,0.04800653,0.04616216,0.0544223,0.15734
1237674602679304868,GALAXY,0.4946875,22.48443,21.50104,19.96612,18.94786,18.54009,0.6065544,0.09789243,0.03952093,0.02424352,0.06360181
1237656538587070475,STAR,-0.000707482,17.81326,16.97687,16.67097,16.5975,16.58743,0.01618518,0.004347654,0.004370303,0.00463919,0.01237426
1237666463191662709,STAR,-3.858807e-05,18.11548,15.91931,15.01638,14.70738,14.55195,0.01375278,0.00434432,0.004466391,0.004871879,0.004720171
1237674650997097111,GALAXY,0.4930504,24.14951,22.08035,20.32906,19.55504,19.07858,1.29763,0.1213626,0.03927582,0.03076958,0.06386817
1237662302982111631,GALAXY,0.3634817,22.77417,20.48091,18.73314,18.09028,17.76237,0.6233859,0.03981303,0.01362461,0.01198708,0.02683445
1237680332701041534,QSO,1.708976,19.64297,19.54074,19.60942,19.47403,19.56557,0.03643702,0.01250431,0.01598061,0.01811309,0.06859653
1237658192144368069,STAR,4.13111e-05,20.42809,19.97381,20.13921,20.42742,20.60705,0.06591858,0.01880666,0.02624009,0.04064659,0.2031325
1237667252926414911,QSO,3.077101,21.19656,19.44102,19.14569,19.07546,19.008,0.09505188,0.01261009,0.01272958,0.01535134,0.0429105
1237666302165450950,GALAXY,0.06962349,17.54683,16.05161,15.33198,14.95166,14.65595,0.0246914,0.003833114,0.00305776,0.00309061,0.005896043
1237663229607149587,STAR,-0.0003140994,17.97384,16.87026,16.64085,16.58322,16.58456,0.01620956,0.004303598,0.004427357,0.004963266,0.01058539
1237660634928120051,GALAXY,0.217781,21.92418,21.5186,21.07358,20.6404,20.65867,0.2033008,0.05630108,0.0711488,0.07053884,0.2273867
1237666214614794305,GALAXY,0.4971712,24.85958,22.09167,20.17241,19.18681,18.82711,0.9775756,0.1249746,0.03493772,0.02204013,0.05943015
1237680309617492674,STAR,-2.270897e-05,22.64162,22.08594,20.70427,19.60641,18.8439,0.5291237,0.099507,0.04584278,0.02775477,0.05201704
1237663917878608667,GALAXY,0.4182817,24.60892,22.56396,20.47918,19.59924,19.36456,1.486103,0.2178573,0.05307874,0.03900202,0.1130209
1237678890667213168,GALAXY,0.6152548,23.80667,23.19791,21.05486,19.91805,19.41611,1.41075,0.326088,0.09097675,0.05047495,0.1153111
1237668503292281332,QSO,1.484067,21.34578,20.9245,20.80725,20.62032,21.2669,0.1191825,0.03205282,0.03986064,0.04978212,0.2839378
1237667109571592532,GALAXY,0.02984995,17.23302,15.48467,14.67981,14.30373,14.01944,0.01392987,0.002612623,0.002289898,0.002346032,0.003748894
1237662199890969081,GALAXY,0.3343738,25.24599,20.54355,18.89979,18.28655,17.89039,1.61855,0.05434382,0.01951663,0.01784109,0.04038076
1237657630066540596,STAR,-0.0003173923,17.04207,15.94604,15.9206,15.95907,16.05437,0.008231235,0.003658506,0.004214002,0.004754952,0.006982857
1237680241433444845,STAR,-0.0001532374,19.45339,18.2706,17.83256,17.66263,17.59435,0.04441219,0.007935389,0.007038596,0.007558879,0.01737689
1237661970120507745,GALAXY,0.07507444,19.06322,17.30607,16.50905,16.16751,15.88804,0.03195544,0.005078204,0.004059154,0.003986764,0.00744648
1237661069789888607,GALAXY,0.03256139,18.59226,16.58164,15.5725,15.044,14.62807,0.03491171,0.004161555,0.003163101,0.00302311,0.00582241
1237654610141249556,GALAXY,0.03941725,16.99067,15.13569,14.2885,13.88225,13.58959,0.01341095,0.002380052,0.002079142,0.002049678,0.003543464
1237662302429380887,GALAXY,0.2720032,21.32179,19.54011,17.98336,17.43097,17.02839,0.2216302,0.02131056,0.009832421,0.00832821,0.02212838
1237666407366983917,QSO,1.705363,21.64305,21.95186,21.7602,21.66926,21.49037,0.1779464,0.08039216,0.1010558,0.1231159,0.3394862
1237661356461850655,STAR,0.000542298,19.12761,18.14571,17.92583,17.84794,17.84818,0.02156048,0.006326721,0.006431775,0.007316849,0.01781345
1237661811736380404,GALAXY,0.6583709,24.16476,23.2229,21.35456,19.98304,19.35254,1.63618,0.4473842,0.1183814,0.0514882,0.1073342
1237679502712635924,GALAXY,0.7913024,23.35645,22.99635,21.5343,20.53257,19.69665,1.71077,0.4613,0.1929206,0.09976558,0.1658462
1237651735780065933,GALAXY,0.6388678,21.8354,22.04817,20.58056,19.45041,19.15328,0.291264,0.1437359,0.05434396,0.03046924,0.09368479
1237658205593337935,GALAXY,0.06937891,19.50111,18.21772,17.60468,17.20792,17.01983,0.04407308,0.008294552,0.00683015,0.007284087,0.01764788
1237661212582871210,QSO,1.369877,19.96961,19.95317,19.65923,19.64704,19.6955,0.03951464,0.01542874,0.01686507,0.02244208,0.07003538
1237663272553807962,STAR,1.337838e-05,15.92538,14.84681,14.57529,14.49978,14.51602,0.005930816,0.002805236,0.003014513,0.003132506,0.0043386
1237678601298051256,QSO,2.373368,20.06448,19.61193,19.51802,19.5737,19.29619,0.05530318,0.01492621,0.01614905,0.02239665,0.06462115
1237657118947672421,STAR,8.535893e-05,24.44993,21.91726,20.01363,18.98162,18.46192,0.9516012,0.08008341,0.02220796,0.01544561,0.02812805
1237661418213933113,GALAXY,0.04391999,18.78721,16.93717,16.08749,15.68134,15.37548,0.03041534,0.004613255,0.003579726,0.003704678,0.006880223
1237659161741885814,QSO,2.334251,20.56759,20.16656,20.22448,20.2296,20.03327,0.0548212,0.01738028,0.02201113,0.02921891,0.08770236
1237663549054452109,QSO,2.913017,23.64108,20.79074,20.21914,19.81651,19.88802,0.9773801,0.03300276,0.03105006,0.03186085,0.1130497
1237651495220544037,GALAXY,0.4513091,25.6656,22.33422,20.74218,19.99692,19.50751,0.7322931,0.1539266,0.05768662,0.03893061,0.09297121
1237674651539341799,GALAXY,0.5133395,23.62574,21.83843,20.18367,19.13837,18.73104,1.726693,0.1426374,0.0471716,0.02814314,0.06875204
1237657590313517202,GALAXY,0.210595,20.62706,18.79686,17.50018,17.02854,16.68253,0.1320499,0.01287887,0.007056539,0.006526246,0.01551624
1237665330917998917,GALAXY,0.7511103,23.33761,21.82558,21.3412,20.65253,20.48119,0.927887,0.1186038,0.1225774,0.1088725,0.3157159
1237666216216625845,GALAXY,0.5118851,23.58998,22.31368,20.85075,19.85115,19.4257,0.8445257,0.1263637,0.05311469,0.03418936,0.0791671
1237661150307615131,GALAXY,0.404789,25.71994,22.51866,20.50092,19.92694,19.47776,0.6313173,0.1227602,0.04326489,0.04074715,0.09147045
1237667228229435500,STAR,-0.0005572014,18.708,17.66384,17.25862,17.12068,17.11786,0.03076597,0.006831203,0.006029588,0.006314057,0.0150218
1237669761188102732,QSO,1.225338,20.28092,20.12338,19.70832,19.63174,19.48608,0.06235337,0.02157467,0.01796915,0.02179925,0.06661626
1237679254671983038,STAR,-0.0002328957,23.72651,21.19022,20.86475,20.85699,20.60318,1.033581,0.04621024,0.04905903,0.06874376,0.2044564
1237678888522023171,QSO,0.8838118,20.77913,20.46707,20.32832,20.29114,19.86026,0.07927901,0.02363071,0.02811741,0.03714806,0.09154622
1237679998238654672,QSO,2.064569,21.04875,20.6794,20.48908,20.51509,20.11663,0.1026147,0.03080184,0.03346166,0.05135585,0.1221852
1237661463312138477,STAR,-0.0007533773,18.9169,17.92897,17.88791,17.92263,17.96558,0.02072484,0.006758471,0.007172279,0.008216942,0.01937428
1237678596484038814,GALAXY,0.01445136,23.52556,20.93148,20.71937,20.75276,20.4048,1.030597,0.05183423,0.05651916,0.07988463,0.1881865
1237663278467842249,GALAXY,0.09086974,18.61245,17.67419,17.26367,17.0131,16.84305,0.04888172,0.009045336,0.008702905,0.01030174,0.03107577
1237651273500328802,GALAXY,0.7772074,26.61359,23.33746,21.55687,20.46781,19.72309,0.4265235,0.4317844,0.1249633,0.07856327,0.1317988
1237661873469260003,GALAXY,0.3052472,19.86941,19.1151,18.3462,17.93616,17.56785,0.04379763,0.01215856,0.009188131,0.009470209,0.01933382
1237662640124003029,QSO,2.536646,21.9025,21.59496,21.51121,21.55017,21.09718,0.1899075,0.06700915,0.065432,0.09206303,0.2342869
1237657627898347787,GALAXY,0.1524825,19.17375,17.94793,17.20271,16.78371,16.55459,0.04018065,0.007662204,0.005558943,0.005232171,0.01159141
1237663228537668092,STAR,-0.0002382226,18.33502,17.38837,17.11343,17.09094,17.08824,0.1605658,0.01877533,0.01110098,0.01083533,0.02545628
1237659132215558232,STAR,-0.0001781981,18.97805,18.04771,17.7352,17.6566,17.60067,0.02317982,0.006258118,0.006217243,0.006840575,0.01695212
1237665024907674033,GALAXY,0.6752887,22.53509,21.84681,20.89711,20.0258,19.71801,0.4465459,0.1000657,0.06387579,0.04128681,0.1235014
1237657633802027271,STAR,0.0002083928,21.04642,20.44207,19.63396,19.00015,18.63834,0.07864109,0.02140769,0.01562108,0.01307282,0.03225872
1237658611447431568,GALAXY,0.5212265,23.1214,21.39029,20.26584,19.57645,19.18568,0.7585647,0.07777514,0.03929934,0.03351028,0.08678038
1237668293370446056,GALAXY,0.0319978,18.33415,17.33441,16.96667,16.78684,16.61019,0.02609968,0.006091376,0.005258523,0.005896255,0.01671584
1237678881567015491,GALAXY,0.7749447,22.20128,23.74557,21.4376,20.27369,19.57818,0.5332891,0.8142529,0.1655085,0.0865984,0.1658474
1237662193457431207,GALAXY,0.5578217,26.62202,22.15803,20.65657,19.55005,18.8616,0.6869273,0.2566894,0.09358938,0.05321392,0.1018422
1237661151916589440,QSO,2.918166,22.23233,21.43612,20.96608,20.49268,20.01841,0.1985942,0.0493648,0.04647937,0.04655151,0.1164553
1237662223531639617,GALAXY,0.4973177,22.81737,22.10938,20.24785,19.36577,19.00597,0.7414796,0.1888535,0.05145247,0.03377602,0.08961213
1237659120397845105,GALAXY,0.4885564,24.82154,21.6328,20.14496,19.34692,18.93458,2.368659,0.1541413,0.064575,0.05137493,0.121611
1237661435388952613,STAR,-0.0001069039,17.79266,16.57905,16.46009,16.44008,16.29701,0.01093953,0.004730948,0.005153624,0.00584079,0.00768332
1237667211586830500,GALAXY,0.07241608,18.35501,16.99176,16.37053,15.98213,15.71815,0.03825279,0.005071303,0.00458795,0.004998225,0.01423603
1237656496720576705,GALAXY,0.747507,23.90729,23.66503,21.959,20.4278,19.94182,1.038564,0.4101712,0.1279535,0.05604415,0.1397566
1237664291548234233,GALAXY,0.5363709,23.69797,22.01457,20.85489,20.01929,19.724,0.8027939,0.1065678,0.06091267,0.04917071,0.1195552
1237661465986335017,GALAXY,0.068699,19.8144,18.24459,17.50421,17.14997,16.85538,0.09408782,0.01010032,0.007976604,0.008585581,0.02190016
1237678602374152723,GALAXY,0.3962389,25.18712,20.91374,19.2418,18.59233,18.14392,1.503556,0.08181346,0.02829283,0.02582502,0.05571799
1237655129843827364,STAR,-0.0004396229,24.48595,20.9354,20.31087,19.99482,20.02415,0.7947818,0.03311636,0.02714931,0.02772321,0.1118791
1237680243606684137,QSO,2.230408,22.32736,21.41054,21.57579,21.32741,21.18422,0.3856539,0.0542857,0.0974794,0.1169956,0.3605364
1237661382237553088,GALAXY,0.5221593,25.44486,22.29473,20.15313,19.1067,18.71865,1.091815,0.1751386,0.03833935,0.02124708,0.047327
1237662306723103552,STAR,-0.0006411637,22.66969,21.50293,21.13667,20.96754,20.84498,0.268176,0.04082886,0.04329012,0.05579972,0.2242236
1237664672182370433,GALAXY,0.0408095,18.84148,17.66331,17.16052,16.89517,16.69971,0.02687717,0.0056835,0.005257817,0.006227113,0.01616655
1237657594077118777,STAR,-0.0004757674,21.42562,20.0731,19.54879,19.33176,19.18124,0.1004785,0.01749603,0.01518117,0.01636093,0.0417718
1237651191350625326,GALAXY,1.033629,22.47864,23.39606,21.92559,20.87881,19.59637,0.5636642,0.5958863,0.2345067,0.1308675,0.175831
1237662266456670340,STAR,7.872781e-05,20.14067,19.2868,18.94935,18.79636,18.75964,0.0423174,0.01176411,0.01086666,0.01229877,0.03737615
1237662500543267030,GALAXY,0.3368869,25.71215,20.24077,18.52271,17.86011,17.50578,1.616396,0.04918684,0.01583744,0.01494516,0.03447643
1237667782307152696,GALAXY,0.6567822,23.13518,22.45053,20.82372,19.58881,19.17304,0.8783895,0.2114818,0.07446529,0.0354772,0.09901293
1237663783137444590,GALAXY,0.3725044,22.78787,21.04994,19.49169,18.87556,18.44523,0.6202,0.06485011,0.02367194,0.02023184,0.04521275
1237662225144414763,GALAXY,0.6690136,21.67884,21.48446,20.5487,19.79744,19.19929,0.2534773,0.08056851,0.05375372,0.04091269,0.09669122
1237662226216124784,GALAXY,0.5777122,25.11932,23.15431,21.5759,20.46286,19.80189,1.275539,0.3038502,0.1107667,0.06031355,0.121914
1237678881544602822,GALAXY,0.6542761,22.44609,22.42405,21.04159,19.93396,19.31575,0.7206008,0.2690382,0.1174406,0.06596334,0.1212838
1237661949736059617,GALAXY,0.4890937,23.36633,22.14449,20.51014,19.65201,19.26461,0.8225874,0.1179822,0.03952206,0.02475112,0.06261473
1237657874868273624,GALAXY,0.5565664,21.58249,20.87853,19.11347,18.03896,17.53883,0.4647789,0.1220894,0.03525672,0.02177597,0.04685652
1237657606955991146,STAR,0.0005172262,19.70625,18.65492,18.19601,18.05431,17.92909,0.03907438,0.008834313,0.007826273,0.008299224,0.01821362
1237667551421989106,GALAXY,0.1454421,19.98886,18.21675,17.15456,16.65034,16.29108,0.07876565,0.009408276,0.006006068,0.006052635,0.01258918
1237655370365534243,GALAXY,0.4802054,23.35981,21.40156,19.97593,19.21707,18.69643,1.097963,0.08130763,0.03546827,0.0309328,0.08370434
1237667172393353463,GALAXY,0.2755087,21.89937,19.86376,18.65768,18.27405,18.01772,0.2150078,0.01909495,0.01106428,0.01158269,0.03165255
1237651252043252441,GALAXY,0.4403296,23.67678,21.99174,20.26833,19.49913,19.02881,1.047391,0.122185,0.0394011,0.02935556,0.06259812
1237678597535433712,STAR,-0.00118002,23.43649,21.30019,21.30435,21.32235,20.74817,0.8070679,0.05261563,0.0655141,0.08856218,0.2120498
1237661358611103849,STAR,-1.802512e-06,18.95399,18.61264,18.89946,19.14455,19.40034,0.02198903,0.007821449,0.01056948,0.01625401,0.06265396
1237661210433094203,STAR,-0.0001987316,23.78384,22.05102,21.49528,21.27353,20.9868,0.5370059,0.06365646,0.06615166,0.07649139,0.1886987
1237668296603599008,STAR,-0.0002711236,19.15263,17.99917,17.51923,17.31906,17.25678,0.02700749,0.006527376,0.006293655,0.006864511,0.0127377
1237651539260342682,QSO,1.522847,20.87314,20.92588,20.78881,20.60474,20.57278,0.066947,0.02830486,0.03734941,0.04772606,0.1939243
1237658187315086551,STAR,0.0002259369,24.05619,21.15588,19.83092,18.82406,18.33423,0.6255942,0.08662154,0.03151614,0.01659228,0.03415449
1237671930135379997,STAR,0.0008509024,17.24663,16.24614,16.5063,16.71375,16.84828,0.009254536,0.003928259,0.004608884,0.005209777,0.01028629
1237662262714237200,GALAXY,0.05931849,18.63909,17.10117,16.42207,16.04428,15.76965,0.03164762,0.0051348,0.004267218,0.004265449,0.008598211
1237668495239545397,GALAXY,0.4934346,22.87941,21.85227,20.23538,19.48238,19.11726,0.6331921,0.1119394,0.04112322,0.03217353,0.09046433
1237667255081238635,STAR,0.0001479013,21.3127,18.69995,17.70866,17.3415,17.12891,0.1014985,0.008629975,0.006046305,0.006392727,0.0117306
1237657628984214485,GALAXY,0.6560227,23.64473,23.50303,21.03174,20.07778,19.34008,1.15095,0.5055037,0.08891878,0.05657372,0.1143012
1237668298205364489,GALAXY,0.3402323,22.10364,20.5877,18.86034,18.21956,17.83971,0.3924967,0.04140559,0.01566384,0.01296115,0.03525263
1237668585432088864,GALAXY,0.6749315,25.22653,22.35049,20.88739,19.69738,19.25805,1.385535,0.1825295,0.07736367,0.0377683,0.1031727
1237678438627869139,GALAXY,0.7406705,22.77525,22.21534,21.78729,21.45473,20.4448,0.6845887,0.1628481,0.1496098,0.1801275,0.2733731
1237654391106765669,GALAXY,0.7349308,24.08451,22.97593,21.4969,20.1988,19.57109,1.02845,0.2570016,0.1011478,0.048127,0.117305
1237666276346168369,GALAXY,0.6360168,24.79391,23.91636,21.84051,20.62945,19.87096,1.24249,0.4823911,0.1151788,0.0644739,0.1253142
1237661463311090728,GALAXY,0.4371078,24.53261,21.91023,20.36944,19.59429,19.18938,1.062074,0.1049748,0.03811204,0.02849166,0.06935584
1237678595938582953,GALAXY,0.740398,25.47463,22.30795,21.97201,21.23564,20.70986,0.9322094,0.1477455,0.1409531,0.1026743,0.2398925
1237671955910361580,GALAXY,0.4848012,25.12301,21.23691,19.80583,19.01228,18.67516,1.530451,0.08993105,0.03822435,0.03001022,0.08365446
1237652935108526395,STAR,8.381651e-05,20.71451,18.17778,16.83633,16.23857,15.86758,0.1229201,0.008308149,0.005423847,0.004903032,0.008022808
1237659132751512523,GALAXY,0.6445622,22.99696,23.42605,21.51189,20.44174,19.78185,0.7066247,0.3861943,0.1117301,0.06130113,0.1406244
1237654872146313978,STAR,0.0008807092,21.75971,20.44322,20.22264,20.22123,20.01417,0.2262129,0.02844043,0.03128366,0.04036258,0.1782805
1237663530793108468,STAR,-0.0001289264,25.05682,23.9927,21.94709,20.48323,19.57986,0.7757669,0.396262,0.1212801,0.04756321,0.09187142
1237665583252111777,GALAXY,0.3539647,23.34336,20.61353,18.80028,18.17931,17.77497,1.195078,0.04746909,0.01554741,0.01370755,0.03710379
1237655691940725524,GALAXY,0.4809243,23.49139,21.89211,20.78003,19.94176,19.80811,1.211751,0.1554187,0.08623157,0.04732317,0.166335
1237664668962259625,GALAXY,0.743277,21.8163,21.79859,20.97526,20.50715,20.21205,0.5550891,0.2136095,0.1506919,0.1513821,0.5190116
1237661971729285692,QSO,3.623093,25.74514,21.45667,20.53285,20.33857,20.85388,0.7158288,0.05566488,0.03238519,0.03861782,0.240161
1237661873482170417,STAR,-0.0005771137,18.95272,18.01837,17.71411,17.59482,17.57892,0.01929877,0.006092701,0.006120909,0.006942905,0.01368962
1237665178452492752,GALAXY,0.518922,22.71452,21.50541,20.48979,19.63358,19.18865,0.7114902,0.1112301,0.06518681,0.04827346,0.1179416
1237657775536406540,QSO,1.449773,18.43551,18.14721,17.79041,17.62769,17.59892,0.01605539,0.00676215,0.006680489,0.007347344,0.01650274
1237661852003533515,STAR,-4.01162e-05,24.80062,21.64939,20.3303,19.54559,19.02627,0.8893938,0.06515863,0.02763236,0.02031725,0.04182282
1237650805884650174,GALAXY,0.4632644,26.07303,22.52216,20.65608,19.85595,19.48568,0.6974832,0.25167,0.07218084,0.05271603,0.1351753
1237661951339462710,STAR,-0.0001891358,17.17511,16.24387,15.99175,15.89529,15.8883,0.008939178,0.00404777,0.004325606,0.004138625,0.006278293
1237651539244875891,GALAXY,0.1209068,20.13629,18.36338,17.49476,17.14552,16.85636,0.06646954,0.008225499,0.00632933,0.006421447,0.0168169
1237662264326816249,STAR,-0.0001032426,20.94876,18.5111,17.14206,16.23038,15.73611,0.07667913,0.007998141,0.006030291,0.005639383,0.006371799
1237651191887168234,STAR,-0.0001150083,23.11027,22.49576,21.12163,20.01556,19.63434,0.5781693,0.1874241,0.07044804,0.03880716,0.1054993
1237660670355898512,GALAXY,0.1442139,19.50039,18.30091,17.43587,17.02382,16.83523,0.04628447,0.008395162,0.006654651,0.006650237,0.0181754
1237657773931364470,STAR,0.0002183981,17.7887,16.551,16.15185,16.01807,15.9815,0.01073082,0.004230414,0.00414167,0.004342579,0.00669855
1237680310162161860,QSO,1.805628,21.25164,21.43782,21.5248,21.17092,21.36425,0.1606885,0.05822672,0.09050188,0.09262217,0.3767415
1237657190909083840,STAR,-9.954964e-06,23.08783,20.67543,19.22349,17.83086,17.12389,0.430247,0.02668512,0.01260253,0.007765043,0.0122473
1237665532247998621,GALAXY,0.1671867,20.71268,18.99386,17.87132,17.39746,17.00426,0.1368393,0.0134039,0.008558488,0.008384836,0.02245292
1237660557062242690,STAR,-0.0002564719,17.3343,15.0535,14.28131,14.06606,14.00015,0.1684587,0.008327995,0.004664449,0.004563523,0.005055098
1237664869207114304,QSO,1.788644,20.11403,20.10921,20.18551,19.91809,20.00459,0.04201839,0.01918625,0.0247293,0.02601893,0.09398229
1237671261192914361,STAR,0.0004158894,25.0566,22.82412,21.02606,20.00155,19.58581,0.9902803,0.1889869,0.05769334,0.03507001,0.07801234
1237664091831206530,GALAXY,0.9035719,21.51837,21.58662,21.13503,20.50786,20.2291,0.2793564,0.1484526,0.148075,0.1203823,0.3494185
1237665584863839149,QSO,0.6736957,24.91929,21.68712,20.52776,19.55777,19.0368,2.073037,0.123782,0.06434997,0.04378309,0.1055497
1237679319091642690,GALAXY,0.561691,24.78051,22.34351,21.10955,20.02528,19.40357,0.7768098,0.1689228,0.0783544,0.04317593,0.08758283
1237678602385949347,GALAXY,0.5735268,22.4233,21.77614,20.58998,19.70706,19.32856,0.3776271,0.09142751,0.04665408,0.03583478,0.08427737
1237670965389230760,GALAXY,0.3905866,21.73981,20.76486,18.88308,18.22942,17.78634,0.3433908,0.05744115,0.01894835,0.01581195,0.04000239
1237668558588608780,STAR,-0.001752802,18.90772,18.08187,17.79622,17.66909,17.6067,0.02191017,0.006333985,0.006044182,0.00693732,0.01785073
1237678595944743503,GALAXY,0.8023611,22.96572,22.70786,21.82128,21.02942,21.05174,0.6481022,0.2034363,0.1381738,0.1027843,0.3888951
1237662226214158451,GALAXY,0.2356222,21.66678,19.00091,17.59575,17.0722,16.75772,0.4805441,0.01845,0.008709149,0.008030363,0.01910333
1237667255614767280,STAR,-0.00015518,20.21574,18.04274,17.16482,16.81053,16.68876,0.05007626,0.006212881,0.00524335,0.005201129,0.009141078
1237648721247077027,GALAXY,0.5152826,23.46441,22.33343,20.6627,19.72619,19.36593,0.6542796,0.1322427,0.04636673,0.03013126,0.08491099
1237680332181668321,GALAXY,0.4069654,25.60877,20.56669,18.69803,18.04728,17.62384,1.351748,0.05694895,0.01943165,0.01548057,0.03818597
1237678847182307368,GALAXY,0.2469027,21.73081,19.28386,17.83423,17.30592,16.95889,0.336388,0.01922647,0.009103387,0.008795391,0.01841376
1237661817634816072,GALAXY,0.08517901,19.43917,17.65887,16.78576,16.55923,16.07811,0.07663376,0.008671854,0.006127753,0.006999159,0.01395277
1237663783656358811,GALAXY,0.6064897,23.89694,23.55155,21.73832,20.53386,20.09149,0.7841378,0.3502764,0.1112931,0.05521284,0.1449131
1237661383845151183,GALAXY,0.5404962,24.55897,22.40419,20.47973,19.64291,19.11906,1.22637,0.1696898,0.04362593,0.03051346,0.05725885
1237661362380603820,GALAXY,0.5446184,26.55355,22.48244,20.86342,19.87927,19.56776,0.4278226,0.1951013,0.06713621,0.04880664,0.1356874
1237678854159073559,STAR,-0.001533098,18.50448,17.65305,17.39099,17.28109,17.26407,0.02099818,0.00584119,0.006017937,0.006509627,0.01253503
1237674650994737486,STAR,0.0008294222,22.5005,21.08254,20.75418,20.78827,20.61335,0.3325217,0.03984216,0.0423636,0.06151402,0.1659945
1237680247340204631,QSO,2.437222,21.33535,20.67246,20.56848,20.61208,20.01311,0.1686471,0.03469927,0.03918113,0.06337618,0.1295069
1237666215687291884,GALAXY,0.5036229,23.03252,21.49917,20.18816,19.3961,18.8756,0.5311162,0.07267272,0.0328751,0.02682895,0.05461118
1237678859549278619,GALAXY,0.6221713,26.5706,21.90775,20.73326,19.72359,19.01808,0.6041061,0.171731,0.1098901,0.06433015,0.1371103
1237652942620853605,GALAXY,0.4526836,22.87142,21.03502,19.42076,18.59416,18.19656,1.35491,0.1052686,0.03429138,0.02554801,0.0691131
1237657628994437839,GALAXY,0.606434,23.71882,22.6705,21.15349,19.76485,19.27454,1.278418,0.246652,0.1002234,0.04377441,0.1071252
1237655107823010158,QSO,0.7505778,21.38999,20.92008,20.78598,20.46828,20.04539,0.1159976,0.03847328,0.04838152,0.04312316,0.1156091
1237661464380441089,QSO,0.5304735,21.16474,20.46273,20.04665,19.4,19.00639,0.1525359,0.03423149,0.03421773,0.02718125,0.06823815
1237665024914883117,GALAXY,0.6930039,23.44942,22.32405,20.99722,19.64644,19.01219,0.7667735,0.1471857,0.05941729,0.02660972,0.05908023
1237665549975421592,STAR,-0.0002445228,26.00702,21.41171,19.91727,19.28439,18.95041,0.4651552,0.05963342,0.02323993,0.01821585,0.04316163
1237663529720939177,QSO,1.66157,22.45155,21.27193,21.23611,20.51441,20.6593,0.3280478,0.04699202,0.07622685,0.05489904,0.2224377
1237661852544860410,QSO,1.744548,21.3616,21.04511,21.03497,20.65072,20.29583,0.1369371,0.04053419,0.05371946,0.05323463,0.1442088
1237658802043748541,GALAXY,0.2654516,23.84555,21.75183,21.38087,21.25664,20.85628,0.9535263,0.06613059,0.06594639,0.07719041,0.2262695
1237663543138254997,STAR,2.77048e-05,17.994,17.1154,16.76871,16.63559,16.56099,0.01453062,0.005042963,0.005569895,0.005878024,0.009982784
1237662504303133000,GALAXY,0.08077256,20.46439,18.48116,17.63729,17.22872,16.95949,0.1064188,0.009377502,0.006768886,0.006681553,0.01788099
1237653653454848189,GALAXY,0.1526295,19.75625,18.12649,17.0885,16.60071,16.27777,0.08280364,0.009411234,0.005872672,0.005681037,0.01289915
1237660240313516584,GALAXY,0.5435961,25.81568,22.58054,20.79603,19.6481,19.06906,0.5688342,0.1809758,0.05512682,0.02789759,0.06175634
1237663784202535527,GALAXY,0.5509614,23.95399,22.5634,20.92903,20.04475,19.67206,0.6686265,0.1206812,0.04235701,0.02851263,0.08091263
1237669768161722703,GALAXY,0.4815032,25.86827,22.50412,20.87813,19.95927,19.70045,0.5667972,0.1734434,0.0605282,0.04119812,0.1101687
1237661433775456862,STAR,-0.0002206724,22.90228,20.8267,19.82622,19.40378,19.2961,0.3190164,0.02576469,0.01826084,0.01724986,0.04573071
1237660636524183677,STAR,-0.000238778,19.62183,17.758,17.03476,16.78865,16.63866,0.0340222,0.005560948,0.004679705,0.0050352,0.009499682
1237671141480006754,GALAXY,0.4404142,23.57937,21.16316,19.45765,18.725,18.31477,0.8780669,0.05494453,0.02052053,0.01511383,0.03865623
1237651496827355532,GALAXY,0.413807,22.92134,21.70724,20.16016,19.39343,18.53746,1.426431,0.2450619,0.0867972,0.06047747,0.09828229
1237654654175805974,GALAXY,0.4255993,26.08709,21.82347,20.12797,19.33063,19.06674,0.8623152,0.1460864,0.04679913,0.03550788,0.1009005
1237680444908242834,GALAXY,0.6393965,24.78491,22.54457,21.09094,19.73776,19.3287,1.665408,0.2426885,0.09538564,0.04800398,0.1091763
1237662194532810893,GALAXY,0.2868819,23.46671,19.90675,18.33585,17.79263,17.43416,1.157832,0.02704761,0.01124842,0.00981814,0.02570567
1237667734508863668,GALAXY,0.1411057,19.92539,18.04069,16.99434,16.58426,16.24305,0.06683175,0.007780335,0.005250598,0.005074192,0.01015979
1237661388146016629,QSO,2.206816,21.13245,20.52705,20.46919,20.36554,19.91277,0.08013638,0.02457701,0.02788273,0.03676159,0.07681976
1237667252927856829,GALAXY,0.06050999,18.45183,17.17783,16.59975,16.25148,16.01095,0.02456619,0.005221814,0.004517764,0.004727392,0.0110918
1237663782590414995,GALAXY,0.00681352,20.75636,20.57909,20.72535,21.37026,20.80964,0.06695842,0.02896322,0.0404238,0.09750652,0.201173
1237665584863183137,QSO,1.629336,19.66959,19.37285,19.37113,19.19561,19.309,0.03811177,0.01179528,0.01418663,0.01786471,0.05912896
1237665179525382377,GALAXY,0.2875357,22.64525,19.82288,18.24199,17.6832,17.33847,0.5841559,0.02184156,0.009647047,0.008592048,0.02162216
1237678620102493006,GALAXY,1.006256,22.93696,22.26601,21.81749,21.58427,21.1593,0.7374207,0.1450355,0.1389518,0.1738723,0.4223303
1237655129848021800,STAR,-0.0006064152,20.37899,19.44687,19.19527,19.0596,19.09014,0.0503956,0.01207506,0.01279804,0.01457526,0.05104505
1237678919672922215,QSO,1.64784,19.04507,18.95345,18.82781,18.59732,18.5291,0.0323002,0.01026527,0.01153185,0.01182366,0.03417886
1237658918533726565,GALAXY,0.521046,22.41436,21.55492,20.07083,19.02567,18.63217,0.5612079,0.1305695,0.04662113,0.0279673,0.06360219
1237665569827259318,GALAXY,0.5189182,23.60173,22.16822,20.8791,20.15493,19.80865,1.066854,0.1247623,0.05792358,0.04439174,0.1167465
1237680245206352263,GALAXY,0.3891129,22.01977,20.67672,18.98148,18.31183,17.81066,0.648776,0.0695155,0.02510446,0.02039236,0.0469204
1237666245206935074,STAR,-0.0001438164,17.73336,16.76966,16.82132,16.67798,16.60392,0.01528086,0.004626625,0.004901646,0.005498392,0.01034686
1237679439885893796,GALAXY,0.2839609,23.50099,20.20662,18.52358,17.98945,17.6086,1.287793,0.03594477,0.01341568,0.01249871,0.02651539
1237660584983134714,QSO,2.768096,22.6685,21.49388,21.44664,21.39322,21.63415,0.3198214,0.0590507,0.1004162,0.1348249,0.5219948
1237662224596533375,GALAXY,0.04011466,18.72772,17.73723,17.3171,17.08159,16.89314,0.03164646,0.00671735,0.006398547,0.006665249,0.01864696
1237655129833406629,GALAXY,0.4158021,23.63263,21.10632,19.24667,18.5374,18.15367,1.484593,0.08377422,0.0242389,0.01890396,0.05365803
1237661873467621577,STAR,-8.681216e-05,20.90423,21.48825,19.30678,19.11628,19.008,0.06258713,0.04600146,0.01234826,0.01446667,0.03747804
1237678809065193836,STAR,-3.779436e-05,21.22227,18.8161,17.58039,16.96408,16.53012,0.3040193,0.01349891,0.008410297,0.007258063,0.01585593
1237678920198849054,GALAXY,0.5132187,24.43421,22.67625,20.81831,19.81446,19.29395,2.062514,0.3393313,0.09887252,0.05876977,0.1244762
1237662269154263285,GALAXY,0.1603448,19.72704,17.97755,16.97883,16.55077,16.24563,0.06529915,0.007671055,0.005340457,0.005388342,0.01152334
1237655106763883022,GALAXY,0.5556742,25.77601,22.93141,21.63562,20.47546,19.83881,0.5515109,0.2576922,0.09756888,0.05241356,0.09553467
1237678597004853957,GALAXY,0.4617355,22.74996,22.03921,20.11102,19.31389,18.88896,0.7841867,0.1544354,0.04226736,0.02960196,0.07768075
1237679454926275243,GALAXY,0.492275,22.40233,22.03867,20.31769,19.51024,18.93459,0.6148649,0.1932689,0.057043,0.0374106,0.07193962
1237662263774151362,GALAXY,0.4927999,24.78884,22.00948,20.12502,19.229,18.73214,2.006422,0.1477043,0.04242698,0.02651364,0.07145792
1237662303509086780,GALAXY,0.4619609,26.84095,21.50502,19.60089,18.85615,18.43172,0.3423981,0.07689336,0.02366812,0.04279837,0.04329875
1237673706114056656,STAR,8.600552e-05,20.80991,19.95281,19.72077,19.61296,19.609,0.08809012,0.0179866,0.01984068,0.0245584,0.0749598
1237665570898772148,QSO,0.8487763,20.12045,19.85562,19.76157,19.66684,19.5111,0.05199162,0.016224,0.01846451,0.02138149,0.07016886
1237667782821479331,GALAXY,0.6206971,22.95185,23.59784,21.25102,20.05865,19.67534,0.5565254,0.3956949,0.08464608,0.04026486,0.1095817
1237660935555252365,GALAXY,0.08032917,19.96235,18.14096,17.25075,16.84816,16.52677,0.08264955,0.009876129,0.005868578,0.005501663,0.01057316
1237662620263907748,GALAXY,0.1744912,19.86785,18.58753,17.71519,17.27247,16.94711,0.08370555,0.01152287,0.008015461,0.007575626,0.02158986
1237655125016314959,GALAXY,0.5274523,23.49317,22.22932,20.28548,19.3514,19.03439,1.078596,0.1956186,0.05127588,0.03340368,0.1037862
1237664667373600989,QSO,1.643786,20.97782,20.6372,20.18638,19.90141,19.82874,0.07060452,0.02418432,0.0231289,0.02790803,0.08960298
1237678437018042521,GALAXY,0.05462858,19.51228,18.59763,18.4846,18.21407,18.2649,0.04603291,0.01030064,0.01054066,0.01114978,0.03372488
1237667736104009917,GALAXY,0.2162776,22.08603,19.21011,17.84022,17.35662,17.07737,0.4672421,0.02014631,0.009332129,0.009033958,0.02007352
1237678790276481209,GALAXY,0.04647374,19.13258,17.4033,16.58475,16.2121,15.91177,0.06474109,0.006969676,0.005298341,0.00522579,0.01303179
1237667212138775421,GALAXY,0.4724074,23.34694,21.90683,20.31576,19.48032,18.95951,0.5811386,0.08486449,0.03702331,0.0330411,0.07251553
1237665367433478275,STAR,-2.895104e-05,22.05778,19.72795,18.25686,17.01986,16.34102,0.1945908,0.01558931,0.0078186,0.005553903,0.0082048
1237680070713147854,GALAXY,0.4944207,22.89093,21.69886,20.37448,19.56211,18.90656,0.7229165,0.09705546,0.0430432,0.02997563,0.07020655
1237673700745478939,QSO,0.70711,23.87925,22.23566,21.25489,20.62033,20.2968,1.610689,0.1688735,0.1253459,0.1032274,0.3243322
1237678602386014534,QSO,1.108275,21.58599,21.28681,20.76484,20.63799,20.60798,0.1444578,0.04706077,0.04078358,0.05837034,0.1852958
1237665368505122993,GALAXY,0.3988849,23.5115,21.18953,19.39042,18.7025,18.36479,0.9072747,0.06201097,0.02019048,0.01665284,0.04636526
1237654606944010401,GALAXY,0.07479149,18.55303,17.23167,16.70629,16.38559,16.19243,0.03460808,0.005629822,0.005081846,0.005295913,0.0134355
1237679503780544824,QSO,2.126524,19.96387,19.9805,20.09459,19.94338,20.12825,0.08502872,0.02710889,0.03489788,0.03809781,0.1686288
1237662697576923502,GALAXY,0.2627418,24.43855,19.91243,18.31403,17.75029,17.35831,2.132381,0.03420991,0.01321279,0.01162432,0.03022374
1237655124474069487,GALAXY,0.6289557,22.46147,22.23357,20.66635,19.69419,19.23985,0.4433464,0.1507739,0.05957887,0.04076222,0.08694991
1237661968504652432,GALAXY,0.5436338,23.40966,21.90174,20.60589,19.61781,19.27041,1.380607,0.1346067,0.06372612,0.04331422,0.1116803
1237664834859368555,GALAXY,0.03610599,18.09742,16.75507,16.28881,16.01516,15.8166,0.03480421,0.005391424,0.005142372,0.004943556,0.01223775
1237666184027636225,QSO,2.206746,21.34223,20.87205,21.11175,21.01079,20.65267,0.1152698,0.03172584,0.0547233,0.07627285,0.2346822
1237679324469985522,QSO,1.833848,21.57578,21.19373,21.22084,21.03008,21.24105,0.2260384,0.05116531,0.06451883,0.08335128,0.3278602
1237659119859990695,GALAXY,0.2718575,25.3426,20.25917,18.63548,18.0577,17.7199,1.505299,0.03201659,0.01437676,0.01271869,0.03549209
1237662698104488310,GALAXY,0.4644359,22.8765,21.51266,19.76978,18.97471,18.65014,0.6744744,0.09357902,0.03236252,0.02580617,0.06248204
1237662223530328396,GALAXY,0.4751757,26.06799,21.69305,20.38451,19.51883,19.16802,0.7725224,0.1071132,0.04866012,0.03244665,0.08132034
1237652946919489720,GALAXY,0.1387436,19.77795,17.81576,16.77201,16.35038,15.99156,0.102879,0.008961069,0.005606642,0.005837101,0.01328783
1237654652034613559,QSO,1.635399,20.9805,20.58895,20.49117,20.28956,20.25543,0.09642941,0.02894027,0.03823816,0.04312847,0.1431472
1237671123765559589,STAR,-2.603152e-05,23.98725,22.00933,20.79501,19.70986,19.17631,0.8815928,0.09584694,0.0473969,0.02669252,0.05760175
1237680299429527847,GALAXY,0.3204623,23.7519,19.99595,18.37838,17.80004,17.47909,2.500216,0.04033125,0.01596274,0.01437973,0.03698493
1237662636904874294,GALAXY,0.315903,22.19599,20.56615,18.84354,18.24663,17.90564,0.330396,0.03594878,0.01346725,0.01165336,0.03031835
1237671992413651589,GALAXY,0.7303159,24.84075,22.28282,21.10011,19.94766,19.38594,1.299924,0.1683849,0.0876648,0.05201725,0.1025662
1237648721232331296,QSO,0.8354188,22.54064,21.64865,21.5065,21.44236,20.98211,0.2132774,0.05302992,0.06499964,0.08285052,0.2047994
1237669696765166162,QSO,1.453361,22.09372,21.862,21.72134,21.47766,21.36902,0.2565485,0.08227529,0.09282084,0.1128477,0.3674834
1237661850942767590,GALAXY,0.5188558,23.99653,21.34076,19.89233,18.9028,18.53907,1.980103,0.1034645,0.04413,0.02617373,0.07464352
1237661360759898180,STAR,0.0004310379,20.32505,19.40427,19.18272,19.14072,19.17535,0.06122756,0.01258378,0.01340801,0.01777848,0.06066888
1237657607497842731,QSO,0.670657,24.12296,20.76181,20.63333,20.39676,20.80932,0.8699194,0.03249677,0.03685611,0.0355186,0.173849
1237667735594271072,STAR,-0.0004306824,21.18943,20.44826,20.24801,20.02067,19.84979,0.08841035,0.02094081,0.02432485,0.02519525,0.08299181
1237661872934158459,STAR,-0.0003418376,19.58012,18.67035,18.31,18.1938,18.13337,0.03455716,0.007891561,0.007809133,0.009214381,0.02558767
1237657769633972567,STAR,-0.000216492,21.62775,21.1706,21.24696,21.41122,21.12569,0.1511992,0.0484139,0.0644823,0.1163683,0.3159423
1237666463185437375,STAR,-0.000290004,20.23855,18.60829,18.07516,17.91812,17.85243,0.09439881,0.01212541,0.009596545,0.00960753,0.02071722
1237660024494883019,GALAXY,0.05315185,21.36143,19.33542,18.65535,18.22147,18.12145,0.2330261,0.01967566,0.01514366,0.01487802,0.04335069
1237667782306758865,GALAXY,0.3522819,22.50777,20.40012,18.61042,17.9706,17.61989,0.6518505,0.03894947,0.01318547,0.01121812,0.02859058
1237666090051829992,STAR,-3.885994e-05,20.83867,19.22485,18.53872,18.23992,18.10434,0.0727656,0.01152375,0.008853815,0.008955449,0.0216744
1237654897390650121,GALAXY,0.5060451,23.29091,22.08317,20.40866,19.49167,19.15789,0.8323215,0.1310634,0.0467797,0.02897107,0.07971375
1237657632189382890,STAR,3.853104e-05,20.75498,18.76507,18.06708,17.77699,17.65859,0.05173152,0.008549276,0.006904514,0.007046298,0.01472053
1237663269334155412,STAR,-0.0003340984,18.21583,17.06292,17.07399,17.16786,17.22711,0.01913563,0.004635843,0.005018159,0.006321031,0.01505552
1237654391643111859,GALAXY,0.2999766,21.76236,19.64181,18.241,17.64589,17.24307,0.3178255,0.02596466,0.011346,0.01051257,0.02278109
1237664285092806953,GALAXY,0.2674004,20.61475,18.62228,17.45982,16.95394,16.66453,0.2349654,0.02185149,0.0113294,0.01002839,0.02475808
1237651755076550729,GALAXY,0.1470668,20.60991,18.71823,17.74847,17.28566,16.90351,0.13924,0.01220944,0.008119284,0.008191953,0.01930313
1237667429547115991,GALAXY,0.4988471,22.91275,21.93758,20.44343,19.62459,19.02172,0.6986925,0.1288806,0.0518678,0.04207407,0.09042519
1237680246277013832,GALAXY,0.5123141,23.3282,22.10328,20.64052,19.69353,19.14115,1.230153,0.1499585,0.07177712,0.04462831,0.1091719
1237678617428492866,GALAXY,0.9336869,22.6216,22.55096,21.62311,21.14034,20.62083,0.4782787,0.2013258,0.1187923,0.1217011,0.2699072
1237657877002191607,GALAXY,0.4918517,24.31765,21.61615,19.76169,18.91682,18.31549,1.601946,0.1455209,0.03790622,0.02494082,0.04792319
1237679323924464399,GALAXY,0.5307484,22.82137,23.29568,21.02545,19.9028,19.52259,0.7417732,0.4661221,0.09151956,0.05104183,0.1111896
1237651204232249661,GALAXY,0.189842,21.33243,19.01792,17.67372,17.10866,16.68801,0.2981787,0.01895201,0.009488072,0.00830905,0.02131579
1237651822708064834,GALAXY,0.594035,26.15005,20.44124,19.50768,18.63186,18.24156,1.816068,0.08471745,0.05604954,0.04151343,0.1251549
1237665126920486938,GALAXY,0.3794599,22.64084,20.21777,18.6936,18.05321,17.65665,0.9952229,0.06754001,0.02641118,0.02165141,0.05104037
1237658492267856169,GALAXY,0.6053869,25.92362,21.96774,20.6659,19.41858,18.82285,0.9066321,0.1696222,0.08264668,0.03868258,0.08809059
1237680277405958809,STAR,6.760344e-05,21.98444,21.68322,20.832,19.69167,19.38643,0.8214644,0.1799676,0.1436578,0.07746362,0.1926834
1237657628966781755,QSO,1.6838,21.41316,21.4303,21.34033,21.1287,20.96629,0.1249823,0.05126937,0.05853437,0.05906102,0.1745688
1237664672717013418,GALAXY,0.587213,23.57907,22.81353,21.18973,20.0666,19.43769,0.6415924,0.1641173,0.06441714,0.04167338,0.09413408
1237668352429523272,STAR,-0.0002280224,15.39085,14.36331,14.09889,14.02317,14.02328,0.004362419,0.003076316,0.003530662,0.003483384,0.003923067
1237667324328804523,GALAXY,0.3326136,25.69934,21.06898,19.25965,18.63284,18.32061,0.7667497,0.04649096,0.01724152,0.01579414,0.03731615
1237661418212557523,STAR,-0.0001259494,22.73657,23.22686,21.98533,20.585,19.84464,0.3679779,0.2359574,0.108997,0.05375298,0.09542918
1237678540090114511,STAR,-0.0001915111,21.68801,19.88276,19.12325,18.87366,18.69513,0.142605,0.01704743,0.01208426,0.01295895,0.03414575
1237658204524576917,STAR,-5.141749e-05,20.927,18.24562,17.04895,16.56586,16.29287,0.0782373,0.00672304,0.004511493,0.004759718,0.008492332
1237651736314118223,STAR,-0.0002794051,17.16945,16.28796,16.06303,15.97495,15.95599,0.009588351,0.003993894,0.004584683,0.005050623,0.007738702
1237659326554636295,STAR,7.924665e-05,18.57327,17.56965,17.28267,17.16109,17.13911,0.01795948,0.005418642,0.00538385,0.006168247,0.01229076
1237661386545693153,GALAXY,0.3636833,25.56479,20.89395,19.08573,18.46188,18.07745,0.7901957,0.04507694,0.01561986,0.01399968,0.03251359
1237661382231917430,GALAXY,0.6841729,22.80759,22.72881,21.59824,20.26151,19.63312,0.5395706,0.2282365,0.1211652,0.05099747,0.090327
1237657858218262977,GALAXY,0.5468596,26.3018,21.39253,19.67938,18.51941,18.12056,1.085625,0.1236333,0.04242582,0.02535887,0.06337512
1237655464318927730,GALAXY,0.7405572,24.83719,24.26346,21.7128,20.5593,19.84953,0.94444,0.5040771,0.09433131,0.05160132,0.1091998
1237680247345185180,QSO,0.3479992,20.28123,20.05921,19.80925,19.83541,19.09138,0.08767842,0.02182034,0.02596651,0.03846265,0.06732944
1237665441530380943,GALAXY,0.5205029,22.95826,22.24585,20.80953,19.84192,19.30877,0.7380631,0.1534562,0.06111082,0.04074844,0.1053262
1237666434726626302,QSO,3.225313,22.87487,21.52282,21.26297,21.1847,21.34103,0.3507148,0.04798581,0.05545596,0.07840443,0.3083837
1237668349214851500,QSO,2.288688,21.04092,20.31403,20.53309,20.38346,20.06809,0.08749615,0.02094553,0.03059042,0.03591247,0.09407692
1237667448873680960,QSO,1.516546,19.62574,19.47573,19.28046,19.08596,19.1807,0.03317776,0.01233814,0.01335628,0.01658325,0.05815942
1237658205055615216,QSO,1.579809,21.50621,20.99087,20.77577,20.51398,20.59596,0.1288369,0.03426657,0.03641624,0.04209841,0.1842014
1237678595936879038,GALAXY,0.7756708,22.99281,23.67861,21.72958,21.26128,21.67567,0.7069806,0.4754337,0.1133101,0.1114053,0.4964998
1237667143401930924,QSO,0.1836352,19.04631,18.98254,18.74133,18.30852,18.36592,0.02370115,0.01028461,0.01057548,0.01072716,0.0328268
1237664668442624286,GALAXY,0.3261526,23.64396,20.26707,18.64232,18.01614,17.66626,0.9779336,0.02789129,0.01177836,0.0105209,0.02714599
1237664672717668656,GALAXY,0.6045237,22.2981,22.17454,21.64301,21.68126,21.33301,0.1888885,0.0735695,0.07247623,0.1169516,0.3374165
1237661852536013206,GALAXY,0.6095806,22.56375,21.95497,20.14021,19.16336,18.99821,0.8247415,0.1843431,0.05486898,0.03528838,0.1074178
1237659326020190606,QSO,6.378236,21.38558,21.22562,20.90602,20.60704,20.54527,0.1107391,0.03710019,0.03697069,0.03939661,0.1514058
1237670961624056499,STAR,-9.080852e-05,22.2604,20.85795,20.11197,19.88682,19.82412,0.3331388,0.04296144,0.02828074,0.03061383,0.09155656
1237665570369504184,GALAXY,0.8285133,23.20972,22.50731,21.76408,20.4458,19.75105,0.9826319,0.2092827,0.1573566,0.07087356,0.1608626
1237661966886961278,GALAXY,0.3381858,22.64928,20.34957,18.6275,18.00401,17.58104,0.7515671,0.04282774,0.01540697,0.01237836,0.0309159
1237665128012709898,STAR,-0.000361802,19.02311,18.04001,17.64188,17.4807,17.44976,0.02185481,0.006264935,0.006315662,0.006845338,0.01423556
1237665570901459900,GALAXY,0.8643838,22.61457,21.8121,20.97525,20.64318,20.02537,0.3353294,0.06365637,0.04234555,0.04291046,0.1130331
1237663531328340541,GALAXY,0.1346485,19.63925,18.2817,17.62658,17.26583,17.12313,0.08411777,0.01394146,0.01141562,0.01305183,0.04016844
1237678881009500357,STAR,-0.0001762918,19.044,18.1232,17.74064,17.59325,17.54078,0.03052455,0.007071133,0.006949235,0.007226406,0.01688897
1237680247890838115,GALAXY,0.6295436,23.46217,22.8468,21.51031,20.44499,19.69864,1.841277,0.3348373,0.1814549,0.1081919,0.1909637
1237657858218262733,GALAXY,0.3266745,22.40312,20.87477,19.12747,18.53264,18.20699,0.4007306,0.04498558,0.01602262,0.01497134,0.03787513
1237648721255072084,GALAXY,0.1538856,20.88515,18.34822,17.14418,16.65151,16.27493,0.21394,0.01057256,0.005924981,0.00563552,0.01279166
